X,Y,OBJECTID,ROADSANDBOXID,CREATE_DATE,UPDATE_DATE,STATUS,STATUS_DATE,SOURCE,SOURCE_DATE,ROAD_SAND_BOX_NUM,ADDRESS,LOCATION,DATE_CHECKED,FILLED,STREET,CATEGORY,PUBLIC_ACCESS
-80.5029071818237,43.4545013490293,3,59901,2016/01/20 12:01:30+00,2020/11/27 00:35:50+00,ACTIVE,2016/01/20 12:01:30+00,OPERATIONS,2016/01/20 12:01:30+00,150,648 King St W,638 King St W at Wellington St N,1970/01/01 00:00:00+00,Y,KING ST W,SAND,Y
-80.5010647659002,43.4544331920995,4,59985,2016/01/20 15:26:06+00,2020/11/27 00:35:50+00,ACTIVE,2019/02/21 15:45:55+00,OPERATIONS,2016/01/20 15:26:06+00,186,21 Moore Ave,Laneway next to McDonald's driveway on Moore Ave,1970/01/01 00:00:00+00,Y,MOORE AVE,SAND,Y
-80.505353777282,43.4555878519002,5,59986,2016/01/20 15:26:44+00,2020/11/27 00:35:50+00,ACTIVE,2019/02/21 14:26:20+00,OPERATIONS,2016/01/20 15:26:44+00,241,10 Shanley St,Open Area - beside 10 Shanley St,1970/01/01 00:00:00+00,Y,SHANLEY ST,SAND,Y
-80.5061264082636,43.4583610362712,6,59987,2016/01/20 15:37:02+00,2020/11/27 00:35:50+00,ACTIVE,2019/02/21 10:34:32+00,OPERATIONS,2016/01/20 15:37:02+00,161,Linwood Ave,"Mt Hope Cemetery, off of Linwood Ave",1970/01/01 00:00:00+00,Y,LINWOOD AVE,SAND,Y
-80.5005233336677,43.4571981956428,7,59988,2016/01/20 15:47:00+00,2020/11/27 00:35:50+00,ACTIVE,2019/02/21 14:26:20+00,OPERATIONS,2016/01/20 15:47:00+00,242,106 Shanley St,Beside 93 Waterloo St,1970/01/01 00:00:00+00,Y,SHANLEY ST,SAND,Y
-80.4960139304467,43.4546420754103,9,59990,2016/01/20 15:48:41+00,2020/11/27 00:35:50+00,ACTIVE,2019/02/21 10:34:32+00,OPERATIONS,2016/01/20 15:48:41+00,76,Duke St W,Near railway tracks,1970/01/01 00:00:00+00,Y,DUKE ST W,SAND,Y
-80.5017440218837,43.4596735778674,10,59991,2016/01/20 15:51:18+00,2020/11/27 00:35:50+00,ACTIVE,2019/02/21 10:34:32+00,OPERATIONS,2016/01/20 15:51:18+00,77,528 Duke St W,Across the street,1970/01/01 00:00:00+00,Y,DUKE ST W,SAND,Y
-80.5018874340424,43.4590804731085,11,59992,2016/01/20 15:52:26+00,2020/11/27 00:35:50+00,ACTIVE,2019/02/21 10:34:32+00,OPERATIONS,2016/01/20 15:52:26+00,26,Bismark Ave,Beside 154 Waterloo St,1970/01/01 00:00:00+00,Y,BISMARK AVE,SAND,Y
-80.5045975511682,43.4612830903786,12,59993,2016/01/20 15:53:43+00,2020/11/27 00:35:50+00,ACTIVE,2019/02/21 10:34:32+00,OPERATIONS,2016/01/20 15:53:43+00,85,Ferdinand Ave,Beside NO EXIT post,1970/01/01 00:00:00+00,Y,FERDINAND AVE,SAND,Y
-80.5027554074194,43.4598824267342,13,59994,2016/01/20 16:01:13+00,2020/11/27 00:35:50+00,ACTIVE,2019/02/21 10:34:32+00,OPERATIONS,2016/01/20 16:01:13+00,113,Guelph St,Beside 184 Waterloo St,1970/01/01 00:00:00+00,Y,GUELPH ST,SAND,Y
-80.4999746119395,43.4601265724648,14,59995,2016/01/20 16:02:59+00,2020/11/27 00:35:50+00,ACTIVE,2019/02/21 10:34:32+00,OPERATIONS,2016/01/20 16:02:59+00,30,5 Blucher St,Near railway tracks,1970/01/01 00:00:00+00,Y,BLUCHER ST,SAND,Y
-80.4908775187981,43.4597169373956,15,59996,2016/01/20 16:04:37+00,2020/11/27 00:35:50+00,ACTIVE,2019/02/21 14:54:39+00,OPERATIONS,2016/01/20 16:04:37+00,170,136 Margaret Ave,"On Louisa St, Church side",1970/01/01 00:00:00+00,Y,MARGARET AVE,SAND,Y
-80.4960453399144,43.4576274843198,321,60035,2016/01/21 08:44:24+00,2020/11/27 00:35:50+00,ACTIVE,2019/02/21 15:39:53+00,OPERATIONS,2016/01/21 08:44:24+00,162,183 Louisa St,On boulevard in front of house,1970/01/01 00:00:00+00,Y,LOUISA ST,SAND,Y
-80.4892608904399,43.4635373464782,322,60036,2016/01/21 09:27:04+00,2020/11/27 00:35:50+00,ACTIVE,2019/02/21 10:34:32+00,OPERATIONS,2016/01/21 09:27:04+00,256,St Leger St,Beside 279 Blucher St,1970/01/01 00:00:00+00,Y,ST LEGER ST,SAND,Y
-80.4931740542914,43.4657362668105,323,60044,2016/01/21 10:21:48+00,2020/11/27 00:35:50+00,ACTIVE,2019/02/21 10:34:32+00,OPERATIONS,2016/01/21 10:21:48+00,89,Floyd St,By hydro pole on Floyd St,1970/01/01 00:00:00+00,Y,FLOYD ST,SAND,Y
-80.4966387332608,43.4655900529159,324,60045,2016/01/21 10:28:13+00,2020/11/27 00:35:50+00,ACTIVE,2019/02/21 10:34:32+00,OPERATIONS,2016/01/21 10:28:13+00,171,250 Margaret Ave,At entrance outbound,1970/01/01 00:00:00+00,Y,MARGARET AVE,SAND,Y
-80.4926418667781,43.4712091198725,337,60046,2016/01/21 10:46:52+00,2020/11/27 00:35:50+00,ACTIVE,2019/02/21 10:34:32+00,OPERATIONS,2016/01/21 10:46:52+00,169,87 Maplewood Pl,"Beside driveway, in front of house",1970/01/01 00:00:00+00,Y,MAPLEWOOD PL,SAND,Y
-80.4923870424728,43.4684537524676,338,60047,2016/01/21 10:48:17+00,2020/11/27 00:35:50+00,ACTIVE,2019/02/21 10:34:32+00,OPERATIONS,2016/01/21 10:48:17+00,257,St Leger St,"On St Leger St, beside hydro pole across from 442 St. Leger St",1970/01/01 00:00:00+00,Y,ST LEGER ST,SAND,Y
-80.4856700403571,43.4633374224345,339,60048,2016/01/21 10:48:57+00,2020/11/27 00:35:50+00,ACTIVE,2019/02/21 10:34:32+00,OPERATIONS,2016/01/21 10:48:57+00,258,St Vincent St,At the park across from #64,1970/01/01 00:00:00+00,Y,ST VINCENT ST,SAND,Y
-80.4838323784396,43.4627203639294,340,60049,2016/01/21 10:51:03+00,2020/11/27 00:35:50+00,ACTIVE,2019/02/21 14:26:20+00,OPERATIONS,2016/01/21 10:51:03+00,153,120 Lancaster St W,At the truck turning sign,1970/01/01 00:00:00+00,Y,LANCASTER ST W,SAND,Y
-80.4669414239179,43.4798139934659,341,60050,2016/01/21 10:51:37+00,2020/11/27 00:35:50+00,ACTIVE,2019/02/21 14:26:20+00,OPERATIONS,2016/01/21 10:51:37+00,268,120 Tagge St,Across from Schueller St,1970/01/01 00:00:00+00,Y,TAGGE ST,SAND,Y
-80.4844380313866,43.4838171405585,342,60051,2016/01/21 11:11:23+00,2020/11/27 00:35:50+00,ACTIVE,2019/02/21 10:34:32+00,OPERATIONS,2016/01/21 11:11:23+00,127,56 Woolwich St ,At Hillcrest Ln - Place beside fence between #50 & #56,1970/01/01 00:00:00+00,Y,HILLCREST LANE,SAND,Y
-80.4832719431156,43.4814982078305,343,60052,2016/01/21 11:12:19+00,2020/11/27 00:35:50+00,ACTIVE,2019/02/21 10:34:32+00,OPERATIONS,2016/01/21 11:12:19+00,154,611 Lancaster St W,At Jones Pl,1970/01/01 00:00:00+00,Y,LANCASTER ST W,SAND,Y
-80.4838318605822,43.4807483445536,344,60053,2016/01/21 11:12:51+00,2020/11/27 00:35:50+00,ACTIVE,2019/02/21 10:34:32+00,OPERATIONS,2016/01/21 11:12:51+00,155,591 Lancaster St W,At Wagner Pl,1970/01/01 00:00:00+00,Y,LANCASTER ST W,SAND,Y
-80.4916092305259,43.4784740659297,345,60054,2016/01/21 11:22:21+00,2020/11/27 00:35:50+00,ACTIVE,2019/02/21 10:34:32+00,OPERATIONS,2016/01/21 11:22:21+00,252,37 Springdale Dr,Beside driveway for #37,1970/01/01 00:00:00+00,Y,SPRINGDALE DR,SAND,Y
-80.4917309051015,43.4765331866866,348,60057,2016/01/21 11:25:59+00,2020/11/27 00:35:50+00,ACTIVE,2019/02/21 16:19:43+00,OPERATIONS,2016/01/21 11:25:59+00,253,3 Springdale Dr,At Lang Cres,1970/01/01 00:00:00+00,Y,SPRINGDALE DR,SAND,Y
-80.4840847612625,43.4680440770652,351,60060,2016/01/21 11:29:01+00,2020/11/27 00:35:50+00,ACTIVE,2019/02/21 16:19:43+00,OPERATIONS,2016/01/21 11:29:01+00,156,280 Lancaster St W,Beside convenience store on Arnold St,1970/01/01 00:00:00+00,Y,LANCASTER ST W,SAND,Y
-80.476523889694,43.471596602558,352,60061,2016/01/21 11:29:54+00,2020/11/27 00:35:50+00,ACTIVE,2019/02/21 15:50:06+00,OPERATIONS,2016/01/21 11:29:54+00,35,23 Campbell Ave,In front of house on blvd,1970/01/01 00:00:00+00,Y,CAMPBELL AVE,SAND,Y
-80.483948329665,43.4656833047392,353,60062,2016/01/21 11:30:30+00,2020/11/27 00:35:50+00,ACTIVE,2019/02/21 15:39:53+00,OPERATIONS,2016/01/21 11:30:30+00,157,200 Lancaster St W,On Guelph St at Bell box,1970/01/01 00:00:00+00,Y,LANCASTER ST W,SAND,Y
-80.4752475246288,43.4678583614579,354,60063,2016/01/21 11:31:07+00,2020/11/27 00:35:50+00,ACTIVE,2019/02/21 14:26:20+00,OPERATIONS,2016/01/21 11:31:07+00,114,1000 Guelph St,Across the street,1970/01/01 00:00:00+00,Y,GUELPH ST,SAND,Y
-80.4733838968269,43.4720008821194,355,60064,2016/01/21 11:33:02+00,2020/11/27 00:35:50+00,ACTIVE,2019/02/21 10:34:32+00,OPERATIONS,2016/01/21 11:33:02+00,224,365 Riverbend Dr,In driveway for Pumping Station,1970/01/01 00:00:00+00,Y,RIVERBEND DR,SAND,Y
-80.4807356220605,43.4589395858959,356,60066,2016/01/21 11:34:05+00,2020/11/27 00:35:50+00,ACTIVE,2019/02/21 14:26:20+00,OPERATIONS,2016/01/21 11:34:05+00,46,11 Chestnut St,At Victoria St N across from #11 by hydro pole,1970/01/01 00:00:00+00,Y,CHESTNUT ST,SAND,Y
-80.4810899470515,43.4575718861088,357,60067,2016/01/21 11:34:31+00,2020/11/27 00:35:50+00,ACTIVE,2019/02/21 10:34:32+00,OPERATIONS,2016/01/21 11:34:31+00,163,368 Luella St,By hydro pole,1970/01/01 00:00:00+00,Y,LUELLA ST,SAND,Y
-80.4836624078103,43.4512268667482,358,60068,2016/01/21 11:34:54+00,2020/11/27 00:35:50+00,ACTIVE,2019/02/21 10:34:32+00,OPERATIONS,2016/01/21 11:34:54+00,239,91 Scott St,In laneway at Scott St,1970/01/01 00:00:00+00,Y,SCOTT ST,SAND,Y
-80.478731546751,43.4492839844951,359,60069,2016/01/21 11:35:23+00,2020/11/27 00:35:50+00,ACTIVE,2019/02/21 15:45:55+00,OPERATIONS,2016/01/21 11:35:23+00,228,21 Rose St,By hydro pole,1970/01/01 00:00:00+00,Y,ROSE ST,SAND,Y
-80.4802874386547,43.448588625358,360,60070,2016/01/21 11:36:08+00,2020/11/27 00:35:50+00,ACTIVE,2019/02/21 10:34:32+00,OPERATIONS,2016/01/21 11:36:08+00,165,61 Madison Ave N,At Park on Weber St E,1970/01/01 00:00:00+00,Y,MADISON AVE N,SAND,Y
-80.479697905998,43.4457246697607,361,60073,2016/01/21 11:41:41+00,2020/11/27 00:35:50+00,ACTIVE,2019/02/21 10:34:32+00,OPERATIONS,2016/01/21 11:41:41+00,24,5 Betzner Ave,At King St E,1970/01/01 00:00:00+00,Y,BETZNER AVE N,SAND,Y
-80.4778736344579,43.44494655963,362,60074,2016/01/21 11:42:55+00,2020/11/27 00:35:50+00,ACTIVE,2019/02/21 10:34:32+00,OPERATIONS,2016/01/21 11:42:55+00,144,680 King St E,On Fairview Ave,1970/01/01 00:00:00+00,Y,KING ST E,SAND,Y
-80.4769657163046,43.4444932212679,363,60075,2016/01/21 11:43:32+00,2020/11/27 00:35:50+00,ACTIVE,2019/02/21 10:34:32+00,OPERATIONS,2016/01/21 11:43:32+00,145,744 King St E,On Stirling Ave N,1970/01/01 00:00:00+00,Y,KING ST E,SAND,Y
-80.4771290160823,43.4440671060433,364,60076,2016/01/21 11:43:47+00,2020/11/27 00:35:50+00,ACTIVE,2019/02/21 10:34:32+00,OPERATIONS,2016/01/21 11:43:47+00,260,King St E,On Stirling at entrance to garage,1970/01/01 00:00:00+00,Y,STIRLING AVE S,SAND,Y
-80.4712226421759,43.4497441144683,366,60078,2016/01/21 11:46:08+00,2020/11/27 00:35:50+00,ACTIVE,2019/02/21 16:19:43+00,OPERATIONS,2016/01/21 11:46:08+00,201,233 Pandora Cres, On blvd at 233 Pandora Cres,1970/01/01 00:00:00+00,Y,PANDORA CRES,SAND,Y
-80.4590213817628,43.4420516912118,367,60079,2016/01/21 11:55:47+00,2020/11/27 00:35:50+00,ACTIVE,2019/02/21 10:34:32+00,OPERATIONS,2016/01/21 11:55:47+00,81,96 Fairmount Rd,To the right of driveway at the hydro pole,1970/01/01 00:00:00+00,Y,FAIRMOUNT RD,SAND,Y
-80.4540541377938,43.4620221521747,368,60080,2016/01/21 11:56:28+00,2020/11/27 00:35:50+00,ACTIVE,2019/02/21 10:34:32+00,OPERATIONS,2016/01/21 11:56:28+00,16,139 Avon Rd,139 Avon Rd,1970/01/01 00:00:00+00,Y,AVON RD,SAND,Y
-80.4434958066256,43.4707649589354,641,60088,2016/01/21 12:08:33+00,2020/11/27 00:35:50+00,ACTIVE,2019/02/21 15:09:01+00,OPERATIONS,2016/01/21 12:08:33+00,287,1421 Victoria St N,On Smetana Dr,1970/01/01 00:00:00+00,Y,VICTORIA ST N,SAND,Y
-80.4420195216839,43.4680150528578,642,60089,2016/01/21 12:09:16+00,2020/11/27 00:35:50+00,ACTIVE,2019/02/21 16:19:43+00,OPERATIONS,2016/01/21 12:09:16+00,175,24 Marketa Cres,On Smetana Dr,1970/01/01 00:00:00+00,Y,MARKETA CRES,SAND,Y
-80.4431010615164,43.4699236241461,643,60090,2016/01/21 12:09:51+00,2020/11/27 00:35:50+00,ACTIVE,2019/02/21 15:39:53+00,OPERATIONS,2016/01/21 12:09:51+00,248,2 Smetana Dr,At pathway,1970/01/01 00:00:00+00,Y,SMETANA DR,SAND,Y
-80.4412591195599,43.469529880943,644,60091,2016/01/21 12:10:27+00,2020/11/27 00:35:50+00,ACTIVE,2019/02/21 15:09:01+00,OPERATIONS,2016/01/21 12:10:27+00,265,142 Sunrise Pl,Beside mailbox,1970/01/01 00:00:00+00,Y,SUNRISE PL,SAND,Y
-80.4447763210331,43.4660639647995,645,60099,2016/01/21 12:11:30+00,2020/11/27 00:35:50+00,ACTIVE,2019/02/21 14:26:20+00,OPERATIONS,2016/01/21 12:11:30+00,177,113 Matthew St,On blvd across from open area,1970/01/01 00:00:00+00,Y,MATTHEW ST,SAND,Y
-80.4344895228708,43.4625233617427,647,60103,2016/01/21 12:32:00+00,2020/11/27 00:35:50+00,ACTIVE,2019/02/21 15:24:26+00,OPERATIONS,2016/01/21 12:32:00+00,293,170 Westchester Dr,On Westchester Pl by stop sign,1970/01/01 00:00:00+00,Y,WESTCHESTER DR,SAND,Y
-80.4312138567566,43.461622825889,648,60107,2016/01/21 13:03:47+00,2020/11/27 00:35:50+00,ACTIVE,2019/02/21 10:34:32+00,OPERATIONS,2016/01/21 13:03:47+00,64,83 Denlow St,Blvd in front of 83 Brembel St,1970/01/01 00:00:00+00,Y,DENLOW ST,SAND,Y
-80.4290943902916,43.4650659799871,649,60108,2016/01/21 13:05:21+00,2020/11/27 00:35:50+00,ACTIVE,2019/02/21 16:19:43+00,OPERATIONS,2016/01/21 13:05:21+00,106,3 Gloucester Crt,On Stanmore Ave,1970/01/01 00:00:00+00,Y,GLOUCESTER CRT,SAND,Y
-80.4303339009299,43.4619216304992,650,60109,2016/01/21 13:05:52+00,2020/11/27 00:35:50+00,ACTIVE,2019/02/21 16:19:43+00,OPERATIONS,2016/01/21 13:05:52+00,269,3 Tami Crt,On Denlow St,1970/01/01 00:00:00+00,Y,TAMI CRT,SAND,Y
-80.4264903585829,43.4563618716868,651,60110,2016/01/21 13:07:39+00,2020/11/27 00:35:50+00,ACTIVE,2019/02/21 14:26:20+00,OPERATIONS,2016/01/21 13:07:39+00,78,128 Ebydale Dr,On left side of driveway,1970/01/01 00:00:00+00,Y,EBYDALE DR,SAND,Y
-80.4018169883646,43.4442019382191,652,60111,2016/01/21 13:08:14+00,2020/11/27 00:35:50+00,ACTIVE,2019/02/21 15:13:39+00,OPERATIONS,2016/01/21 13:08:14+00,95,154 Woolner Trail,At pumping station,1970/01/01 00:00:00+00,Y,WOOLNER TRAIL,SAND,Y
-80.4240247756024,43.4403025013719,653,60112,2016/01/21 13:08:33+00,2020/11/27 00:35:50+00,ACTIVE,2019/02/21 15:09:01+00,OPERATIONS,2016/01/21 13:08:33+00,236,14 Sandwell Crt,Beside driveway,1970/01/01 00:00:00+00,Y,SANDWELL CRT,SAND,Y
-80.424963565369,43.4408185797866,654,60113,2016/01/21 13:10:05+00,2020/11/27 00:35:50+00,ACTIVE,2019/02/21 10:34:32+00,OPERATIONS,2016/01/21 13:10:05+00,275,6 Tisdale Crt,Beside driveway,1970/01/01 00:00:00+00,Y,TISDALE CRT,SAND,Y
-80.4134965168215,43.4382067236571,655,60114,2016/01/21 13:11:58+00,2020/11/27 00:35:50+00,ACTIVE,2019/02/21 10:34:32+00,OPERATIONS,2016/01/21 13:11:58+00,247,Sims Estate Pl,At Sims Estate Dr,1970/01/01 00:00:00+00,Y,SIMS ESTATE PL,SAND,Y
-80.42609632659,43.4375838118735,656,60115,2016/01/21 13:14:16+00,2020/11/27 00:35:50+00,ACTIVE,2019/02/21 10:34:32+00,OPERATIONS,2016/01/21 13:14:16+00,196,Old Chicoppe Trail,Halfway up hill on Old Chicopee Trail,1970/01/01 00:00:00+00,Y,OLD CHICOPEE TRAIL,SAND,Y
-80.428725748867,43.4422260616982,657,60116,2016/01/21 13:14:55+00,2020/11/27 00:35:50+00,ACTIVE,2019/02/21 16:19:43+00,OPERATIONS,2016/01/21 13:14:55+00,197,284 Old Chicopee Trail,Placed across the street,1970/01/01 00:00:00+00,Y,OLD CHICOPEE TRAIL,SAND,Y
-80.4305503653926,43.4375665054143,658,60117,2016/01/21 13:15:20+00,2020/11/27 00:35:50+00,ACTIVE,2019/02/21 15:45:55+00,OPERATIONS,2016/01/21 13:15:20+00,286,200 Veronica Dr,In front of house,1970/01/01 00:00:00+00,Y,VERONICA DR,SAND,Y
-80.4281091280006,43.4367225567859,659,60118,2016/01/21 13:15:38+00,2020/11/27 00:35:50+00,ACTIVE,2019/02/21 10:34:32+00,OPERATIONS,2016/01/21 13:15:38+00,23,Bettina Pl,Near stop sign,1970/01/01 00:00:00+00,Y,BETTINA PL,SAND,Y
-80.426355779148,43.43532692036,660,60119,2016/01/21 13:16:34+00,2020/11/27 00:35:50+00,ACTIVE,2019/02/21 10:34:32+00,OPERATIONS,2016/01/21 13:16:34+00,238,North Hill Pl,On Scenic Dr in front of stop sign,1970/01/01 00:00:00+00,Y,SCENIC DR,SAND,Y
-80.4241634180342,43.4346115276183,661,60120,2016/01/21 13:17:21+00,2020/11/27 00:35:50+00,ACTIVE,2019/02/21 14:26:20+00,OPERATIONS,2016/01/21 13:17:21+00,193,109 North Hill Pl,Beside hydro pole,1970/01/01 00:00:00+00,Y,NORTH HILL PL,SAND,Y
-80.4285004538595,43.4334471216456,662,60121,2016/01/21 13:17:44+00,2020/11/27 00:35:50+00,ACTIVE,2019/02/21 15:39:53+00,OPERATIONS,2016/01/21 13:17:44+00,47,2 Chicopee Park Crt,Beside hydro pole,1970/01/01 00:00:00+00,Y,CHICOPEE PARK CRT,SAND,Y
-80.4320280682231,43.4322263350452,664,60123,2016/01/21 13:20:17+00,2020/11/27 00:35:50+00,ACTIVE,2019/02/21 14:54:39+00,OPERATIONS,2016/01/21 13:20:17+00,138,137 Jansen Ave,At side of house between blvd trees,1970/01/01 00:00:00+00,Y,JANSEN AVE,SAND,Y
-80.4290749427615,43.4323594056552,665,60124,2016/01/21 13:27:09+00,2020/11/27 00:35:50+00,ACTIVE,2019/02/21 16:19:43+00,OPERATIONS,2016/01/21 13:27:09+00,270,251 Thaler Ave,Beside driveway,1970/01/01 00:00:00+00,Y,THALER AVE,SAND,Y
-80.427829351411,43.4313338135281,666,60125,2016/01/21 13:27:26+00,2020/11/27 00:35:50+00,ACTIVE,2019/02/21 15:09:01+00,OPERATIONS,2016/01/21 13:27:26+00,303,15 Windom Rd,Beside driveway,1970/01/01 00:00:00+00,Y,WINDOM RD,SAND,Y
-80.4312806603551,43.4298136364367,667,60126,2016/01/21 13:28:55+00,2020/11/27 00:35:50+00,ACTIVE,2019/02/21 10:34:32+00,OPERATIONS,2016/01/21 13:28:55+00,187,95 Morgan Ave,Beside driveway,1970/01/01 00:00:00+00,Y,MORGAN AVE,SAND,Y
-80.4294577493005,43.4288818744859,668,60127,2016/01/21 13:29:25+00,2020/11/27 00:35:50+00,ACTIVE,2019/02/21 15:09:01+00,OPERATIONS,2016/01/21 13:29:25+00,188,141 Morgan Ave,Beside hydro pole,1970/01/01 00:00:00+00,Y,MORGAN AVE,SAND,Y
-80.426816775556,43.4280936254589,669,60128,2016/01/21 13:29:55+00,2020/11/27 00:35:50+00,ACTIVE,2019/02/21 15:50:06+00,OPERATIONS,2016/01/21 13:29:55+00,189,214 Morgan Ave,On Pepperwood Cres by stop sign,1970/01/01 00:00:00+00,Y,MORGAN AVE,SAND,Y
-80.4152192175938,43.4249067725559,670,60129,2016/01/21 13:30:22+00,2020/11/27 00:35:50+00,ACTIVE,2019/02/21 10:34:32+00,OPERATIONS,2016/01/21 13:30:22+00,190,7 Morrison Rd,Beside driveway,1970/01/01 00:00:00+00,Y,MORRISON RD,SAND,Y
-80.4089442475838,43.4202764244366,671,60130,2016/01/21 13:31:30+00,2020/11/27 00:35:50+00,ACTIVE,2019/02/21 10:34:32+00,OPERATIONS,2016/01/21 13:31:30+00,223,River Bank Dr,Near railway tracks (on Honda side),1970/01/01 00:00:00+00,Y,RIVERBANK DR,SAND,Y
-80.4083732517706,43.4127858042541,672,60131,2016/01/21 13:32:12+00,2020/11/27 00:35:50+00,ACTIVE,2019/02/21 10:34:32+00,OPERATIONS,2016/01/21 13:32:12+00,107,64 Grand Hill Dr,In front of house,1970/01/01 00:00:00+00,Y,GRAND HILL DR,SAND,Y
-80.4061534641401,43.4126831055565,673,60132,2016/01/21 13:33:53+00,2020/11/27 00:35:50+00,ACTIVE,2019/02/21 14:26:20+00,OPERATIONS,2016/01/21 13:33:53+00,271,127 The Crestway,Across street,1970/01/01 00:00:00+00,Y,THE CRESTWAY,SAND,Y
-80.4049853880718,43.4120078583248,674,60133,2016/01/21 13:39:17+00,2020/11/27 00:35:50+00,ACTIVE,2019/02/21 15:24:26+00,OPERATIONS,2016/01/21 13:39:17+00,272,17 The Kirksway,Near the hydro pole between #17 and #25,1970/01/01 00:00:00+00,Y,THE KIRKSWAY,SAND,Y
-80.3910631912594,43.4053259391884,675,60134,2016/01/21 13:39:51+00,2020/11/27 00:35:50+00,ACTIVE,2019/02/21 10:34:32+00,OPERATIONS,2016/01/21 13:39:51+00,60,Cressman Ave,By mailboxes,1970/01/01 00:00:00+00,Y,CRESSMAN AVE,SAND,Y
-80.3845376900936,43.4015660671805,676,60135,2016/01/21 13:40:16+00,2020/11/27 00:35:50+00,ACTIVE,2019/02/21 10:34:32+00,OPERATIONS,2016/01/21 13:40:16+00,160,85 Limerick Dr,Beside driveway,1970/01/01 00:00:00+00,Y,LIMERICK DR,SAND,Y
-80.3959819795666,43.4063295756788,677,60136,2016/01/21 13:41:37+00,2020/11/27 00:35:50+00,ACTIVE,2019/02/21 10:34:32+00,OPERATIONS,2016/01/21 13:41:37+00,208,Pioneer Tower Rd,Beside #11 at hydro pole,1970/01/01 00:00:00+00,Y,PIONEER TOWER RD,SAND,Y
-80.4282108365801,43.4156166033285,679,60138,2016/01/21 13:43:33+00,2020/11/27 00:35:50+00,ACTIVE,2019/02/21 14:26:20+00,OPERATIONS,2016/01/21 13:43:33+00,120,1018 Hidden Valley Rd,Across street,1970/01/01 00:00:00+00,Y,HIDDEN VALLEY RD,SAND,Y
-80.4268833216943,43.4152765715123,680,60139,2016/01/21 13:43:51+00,2020/11/27 00:35:50+00,ACTIVE,2019/02/21 10:34:32+00,OPERATIONS,2016/01/21 13:43:51+00,121,996 Hidden Valley Rd,Across street,1970/01/01 00:00:00+00,Y,HIDDEN VALLEY RD,SAND,Y
-80.4185927591301,43.4155752422549,681,60140,2016/01/21 13:44:21+00,2020/11/27 00:35:50+00,ACTIVE,2019/02/21 10:34:32+00,OPERATIONS,2016/01/21 13:44:21+00,122,730 Hidden Valley Rd,Across street,1970/01/01 00:00:00+00,Y,HIDDEN VALLEY RD,SAND,Y
-80.4187216548437,43.4179947550306,682,60141,2016/01/21 13:44:39+00,2020/11/27 00:35:50+00,ACTIVE,2019/02/21 10:34:32+00,OPERATIONS,2016/01/21 13:44:39+00,123,668 Hidden Valley Rd,Beside hydro pole,1970/01/01 00:00:00+00,Y,HIDDEN VALLEY RD,SAND,Y
-80.4292004200057,43.4235129966302,683,60142,2016/01/21 13:45:20+00,2020/11/27 00:35:50+00,ACTIVE,2019/02/21 16:19:43+00,OPERATIONS,2016/01/21 13:45:20+00,124,333 Hidden Valley Rd,Across street,1970/01/01 00:00:00+00,Y,HIDDEN VALLEY RD,SAND,Y
-80.4356885618764,43.4152910834051,684,60143,2016/01/21 13:46:40+00,2020/11/27 00:35:50+00,ACTIVE,2019/02/21 14:26:20+00,OPERATIONS,2016/01/21 13:46:40+00,2,131 Goodrich Dr,Goodrich Dr near Mulch bin,1970/01/01 00:00:00+00,Y,GOODRICH DR,SAND,Y
-80.4356943050558,43.4153250655788,685,60144,2016/01/21 13:46:48+00,2020/11/27 00:35:50+00,ACTIVE,2019/02/21 14:26:20+00,OPERATIONS,2016/01/21 13:46:48+00,1,131 Goodrich Dr,Goodrich Dr near Mulch bin,1970/01/01 00:00:00+00,Y,GOODRICH DR,SAND,Y
-80.439018514639,43.4075091057403,686,60145,2016/01/21 13:47:51+00,2020/11/27 00:35:50+00,ACTIVE,2019/02/21 14:26:20+00,OPERATIONS,2016/01/21 13:47:51+00,299,1036 Wilson Ave,Top of the hill at entrance to bush,1970/01/01 00:00:00+00,Y,WILSON AVE,SAND,Y
-80.4383173079806,43.4068665784598,687,60146,2016/01/21 13:50:27+00,2020/11/27 00:35:50+00,ACTIVE,2019/02/21 14:26:20+00,OPERATIONS,2016/01/21 13:50:27+00,300,1082 Wilson Ave,Close to driveways,1970/01/01 00:00:00+00,Y,WILSON AVE,SAND,Y
-80.4499464581416,43.4160322785681,688,60147,2016/01/21 13:51:03+00,2020/11/27 00:35:50+00,ACTIVE,2019/02/21 10:34:32+00,OPERATIONS,2016/01/21 13:51:03+00,53,Connor St,Beside hydro pole,1970/01/01 00:00:00+00,Y,CONNOR ST,SAND,Y
-80.4579794702721,43.4186370096579,690,60149,2016/01/21 13:53:31+00,2020/11/27 00:35:50+00,ACTIVE,2019/02/21 10:34:32+00,OPERATIONS,2016/01/21 13:53:31+00,17,61 Balzer Rd,Across from Rosen Metal Co Ltd,1970/01/01 00:00:00+00,Y,BALZER RD,SAND,Y
-80.4493304627667,43.4066510248385,691,60150,2016/01/21 13:53:56+00,2020/11/27 00:35:50+00,ACTIVE,2019/02/21 10:34:32+00,OPERATIONS,2016/01/21 13:53:56+00,237,45 Sasaga Dr,On Sasaga Dr beside 299 Manitou Dr,1970/01/01 00:00:00+00,Y,SASAGA DR,SAND,Y
-80.4419869864492,43.3990271527559,692,60151,2016/01/21 13:54:40+00,2020/11/27 00:35:50+00,ACTIVE,2019/02/21 10:34:32+00,OPERATIONS,2016/01/21 13:54:40+00,285,Van Horne Pl,On Van Horne Pl at stop sign,1970/01/01 00:00:00+00,Y,VAN HORNE PL,SAND,Y
-80.4399473120636,43.3976386513003,693,60152,2016/01/21 13:55:15+00,2020/11/27 00:35:50+00,ACTIVE,2019/02/21 15:45:55+00,OPERATIONS,2016/01/21 13:55:15+00,84,209 Farrier Dr,On the park side,1970/01/01 00:00:00+00,Y,FARRIER DR,SAND,Y
-80.4408585554768,43.3976292677248,694,60153,2016/01/21 13:56:09+00,2020/11/27 00:35:50+00,ACTIVE,2019/02/21 14:26:20+00,OPERATIONS,2016/01/21 13:56:09+00,282,125 Upper Canada Dr,In front of house,1970/01/01 00:00:00+00,Y,UPPER CANADA DR,SAND,Y
-80.4462307269343,43.3972155919824,695,60154,2016/01/21 13:56:26+00,2020/11/27 00:35:50+00,ACTIVE,2019/02/21 10:34:32+00,OPERATIONS,2016/01/21 13:56:26+00,283,4 Upper Canada Dr,Beside hydro pole,1970/01/01 00:00:00+00,Y,UPPER CANADA DR,SAND,Y
-80.4381247895969,43.3945157648966,697,60156,2016/01/21 13:59:05+00,2020/11/27 00:35:50+00,ACTIVE,2019/02/21 16:19:43+00,OPERATIONS,2016/01/21 13:59:05+00,284,231 Upper Canada Dr,Across street,1970/01/01 00:00:00+00,Y,UPPER CANADA DR,SAND,Y
-80.4473906370953,43.3978866875601,698,60157,2016/01/21 14:00:01+00,2020/11/27 00:35:50+00,ACTIVE,2019/02/21 10:34:32+00,OPERATIONS,2016/01/21 14:00:01+00,71,601 Doon Village Rd,On Millwood Cres,1970/01/01 00:00:00+00,Y,DOON VILLAGE RD,SAND,Y
-80.453302481322,43.395861085034,699,60158,2016/01/21 14:00:25+00,2020/11/27 00:35:50+00,ACTIVE,2019/02/21 10:34:32+00,OPERATIONS,2016/01/21 14:00:25+00,92,50 Windy Ridge Pl,Across from 14 Windy Ridge Pl,1970/01/01 00:00:00+00,Y,WINDY RIDGE PL,SAND,Y
-80.4525687143037,43.3937494543644,700,60159,2016/01/21 14:05:29+00,2020/11/27 00:35:50+00,ACTIVE,2019/02/21 16:19:43+00,OPERATIONS,2016/01/21 14:05:29+00,36,28 Carlyle Dr,In park entrance beside trail,1970/01/01 00:00:00+00,Y,CARLYLE DR,SAND,Y
-80.4483077438061,43.3964458640475,701,60160,2016/01/21 14:05:57+00,2020/11/27 00:35:50+00,ACTIVE,2019/02/21 14:26:20+00,OPERATIONS,2016/01/21 14:05:57+00,115,12 Harcourt Cres,In front of house,1970/01/01 00:00:00+00,Y,HARCOURT CRES,SAND,Y
-80.4471521135543,43.3965523543886,702,60161,2016/01/21 14:06:10+00,2020/11/27 00:35:50+00,ACTIVE,2019/02/21 15:39:53+00,OPERATIONS,2016/01/21 14:06:10+00,185,193 Millwood Cres,In front of house,1970/01/01 00:00:00+00,Y,MILLWOOD CRES,SAND,Y
-80.4457681513171,43.395020563286,703,60162,2016/01/21 14:07:22+00,2020/11/27 00:35:50+00,ACTIVE,2019/02/21 10:34:32+00,OPERATIONS,2016/01/21 14:07:22+00,72,689 Doon Village Rd,Beside hydro pole on Doon Village Rd,1970/01/01 00:00:00+00,Y,DOON VILLAGE RD,SAND,Y
-80.4472912093594,43.3944084448015,705,60164,2016/01/21 14:08:07+00,2020/11/27 00:35:50+00,ACTIVE,2019/02/21 10:34:32+00,OPERATIONS,2016/01/21 14:08:07+00,289,7 Vintage Cres,In front of house,1970/01/01 00:00:00+00,Y,VINTAGE CRES,SAND,Y
-80.447960833225,43.3908374707713,706,60165,2016/01/21 14:08:29+00,2020/11/27 00:35:50+00,ACTIVE,2019/02/21 14:54:39+00,OPERATIONS,2016/01/21 14:08:29+00,297,139 Wheatfield Cres,Beside hydro pole,1970/01/01 00:00:00+00,Y,WHEATFIELD CRES,SAND,Y
-80.4454619523447,43.3891812718029,707,60166,2016/01/21 14:08:50+00,2020/11/27 00:35:50+00,ACTIVE,2019/02/21 16:19:43+00,OPERATIONS,2016/01/21 14:08:50+00,234,24 Sabrina Cres,At side of house - Across from #11,1970/01/01 00:00:00+00,Y,SABRINA CRES,SAND,Y
-80.4410694202718,43.3906576869424,708,60167,2016/01/21 14:09:21+00,2020/11/27 00:35:50+00,ACTIVE,2019/02/21 10:34:32+00,OPERATIONS,2016/01/21 14:09:21+00,52,8 Cobblestone St,In front of house,1970/01/01 00:00:00+00,Y,COBBLESTONE ST,SAND,Y
-80.4403962950072,43.3915931855359,709,60168,2016/01/21 14:09:45+00,2020/11/27 00:35:50+00,ACTIVE,2019/02/21 10:34:32+00,OPERATIONS,2016/01/21 14:09:45+00,73,883 Doon Village Rd,At crosswalk,1970/01/01 00:00:00+00,Y,DOON VILLAGE RD,SAND,Y
-80.4382352229993,43.3927756256962,710,60170,2016/01/21 14:18:07+00,2020/11/27 00:35:50+00,ACTIVE,2019/02/21 15:09:01+00,OPERATIONS,2016/01/21 14:18:07+00,21,15 Bechtel Dr,In front of school,1970/01/01 00:00:00+00,Y,BECHTEL DR,SAND,Y
-80.4325756324947,43.4002717085947,712,60172,2016/01/21 14:20:08+00,2020/11/27 00:35:50+00,ACTIVE,2019/02/21 15:09:01+00,OPERATIONS,2016/01/21 14:20:08+00,109,15 Green Valley Dr,Near entrance,1970/01/01 00:00:00+00,Y,GREEN VALLEY DR,SAND,Y
-80.4258777802957,43.3961179535761,713,60173,2016/01/21 14:20:34+00,2020/11/27 00:35:50+00,ACTIVE,2019/02/21 15:45:55+00,OPERATIONS,2016/01/21 14:20:34+00,110,206 Green Valley Dr,Near driveway,1970/01/01 00:00:00+00,Y,GREEN VALLEY DR,SAND,Y
-80.4192227520502,43.3951611822781,714,60174,2016/01/21 14:20:59+00,2020/11/27 00:35:50+00,ACTIVE,2019/02/21 10:34:32+00,OPERATIONS,2016/01/21 14:20:59+00,182,488 Mill Park Dr,On blvd near Old Mill Rd,1970/01/01 00:00:00+00,Y,MILL PARK DR,SAND,Y
-80.417526331016,43.3943526890521,715,60175,2016/01/21 14:21:20+00,2020/11/27 00:35:50+00,ACTIVE,2019/02/21 10:34:32+00,OPERATIONS,2016/01/21 14:21:20+00,226,50 Roos St,Beside 1774 Old Mill Rd,1970/01/01 00:00:00+00,Y,ROOS ST,SAND,Y
-80.4170732410018,43.3950311387416,716,60176,2016/01/21 14:21:33+00,2020/11/27 00:35:50+00,ACTIVE,2019/02/21 10:34:32+00,OPERATIONS,2016/01/21 14:21:33+00,227,50 Roos St,Beside driveway,1970/01/01 00:00:00+00,Y,ROOS ST,SAND,Y
-80.4147752593554,43.3854634466926,717,60177,2016/01/21 14:22:00+00,2020/11/27 00:35:50+00,ACTIVE,2019/02/21 16:19:43+00,OPERATIONS,2016/01/21 14:22:00+00,131,2400 Homer Watson Blvd,On Pinnacle Dr just past TSC,1970/01/01 00:00:00+00,Y,HOMER WATSON BLVD,SAND,Y
-80.4154375807196,43.3836216514378,718,60178,2016/01/21 14:22:46+00,2020/11/27 00:35:50+00,ACTIVE,2019/02/21 10:34:32+00,OPERATIONS,2016/01/21 14:22:46+00,203,389 Pinnacle Dr,By first entrance,1970/01/01 00:00:00+00,Y,PINNACLE DR,SAND,Y
-80.4144823178486,43.3803375262553,719,60179,2016/01/21 14:23:03+00,2020/11/27 00:35:50+00,ACTIVE,2019/02/21 10:34:32+00,OPERATIONS,2016/01/21 14:23:03+00,204,422 Pinnacle Dr,At the crosswalk,1970/01/01 00:00:00+00,Y,PINNACLE DR,SAND,Y
-80.4162420052263,43.3802007603411,720,60180,2016/01/21 14:24:10+00,2020/11/27 00:35:50+00,ACTIVE,2019/02/21 16:19:43+00,OPERATIONS,2016/01/21 14:24:10+00,93,31 Woodcrest Crt,On Hill,1970/01/01 00:00:00+00,Y,WOODCREST CRT,SAND,Y
-80.4198681751259,43.388267148472,721,60181,2016/01/21 14:24:33+00,2020/11/27 00:35:50+00,ACTIVE,2019/02/21 15:09:01+00,OPERATIONS,2016/01/21 14:24:33+00,74,1419 Doon Village Rd,At corner by stop sign,1970/01/01 00:00:00+00,Y,DOON VILLAGE RD,SAND,Y
-80.431075579156,43.3877392462369,722,60183,2016/01/21 14:25:12+00,2020/11/27 00:35:50+00,ACTIVE,2019/02/21 15:50:06+00,OPERATIONS,2016/01/21 14:25:12+00,199,23 Oregon Dr,Last house at lane,1970/01/01 00:00:00+00,Y,OREGON DR,SAND,Y
-80.4368974412671,43.3878750205622,723,60184,2016/01/21 14:26:22+00,2020/11/27 00:35:50+00,ACTIVE,2019/02/21 10:34:32+00,OPERATIONS,2016/01/21 14:26:22+00,273,Tilt Dr,On Tilt Dr before stop sign,1970/01/01 00:00:00+00,Y,TILT DR,SAND,Y
-80.434734591634,43.387035885866,724,60185,2016/01/21 14:26:47+00,2020/11/27 00:35:50+00,ACTIVE,2019/02/21 15:39:53+00,OPERATIONS,2016/01/21 14:26:47+00,12,2 Apple Ridge Dr,Across from 234 Doon Mills Dr,1970/01/01 00:00:00+00,Y,APPLE RIDGE DR,SAND,Y
-80.4329917582198,43.3849356066676,725,60186,2016/01/21 14:38:54+00,2020/11/27 00:35:50+00,ACTIVE,2019/02/21 10:34:32+00,OPERATIONS,2016/01/21 14:38:54+00,13,909 Armenian Crt,Across from 912 Armenian Crt,1970/01/01 00:00:00+00,Y,ARMENIAN CRT,SAND,Y
-80.4335795656423,43.3837983406197,726,60187,2016/01/21 14:39:39+00,2020/11/27 00:35:50+00,ACTIVE,2019/02/21 10:34:32+00,OPERATIONS,2016/01/21 14:39:39+00,86,33 Fischer Crt,Across from 30 Fischer Crt,1970/01/01 00:00:00+00,Y,FISCHER CRT,SAND,Y
-80.4282226092897,43.3775631363593,727,60188,2016/01/21 14:40:00+00,2020/11/27 00:35:50+00,ACTIVE,2019/02/21 10:34:32+00,OPERATIONS,2016/01/21 14:40:00+00,173,Marigold Crt,Across from 905 Marigold Crt,1970/01/01 00:00:00+00,Y,MARIGOLD CRT,SAND,Y
-80.4293146796907,43.3782050170165,728,60189,2016/01/21 14:40:31+00,2020/11/27 00:35:50+00,ACTIVE,2019/02/21 10:34:32+00,OPERATIONS,2016/01/21 14:40:31+00,276,552 Topper Woods Cres,Beside light pole,1970/01/01 00:00:00+00,Y,TOPPER WOODS CRES,SAND,Y
-80.4565361834315,43.3733941309148,729,60190,2016/01/21 14:41:16+00,2020/11/27 00:35:50+00,ACTIVE,2019/02/21 10:34:32+00,OPERATIONS,2016/01/21 14:41:16+00,218,Reidel Dr,At bend,1970/01/01 00:00:00+00,Y,REIDEL DR,SAND,Y
-80.4516132409826,43.3816111483392,730,60191,2016/01/21 14:41:36+00,2020/11/27 00:35:50+00,ACTIVE,2019/02/21 14:54:39+00,OPERATIONS,2016/01/21 14:41:36+00,43,135 Chapel Hill Dr,In front of house,1970/01/01 00:00:00+00,Y,CHAPEL HILL DR,SAND,Y
-80.4500121470314,43.380682093091,731,60192,2016/01/21 14:41:51+00,2020/11/27 00:35:50+00,ACTIVE,2019/02/21 16:19:43+00,OPERATIONS,2016/01/21 14:41:51+00,259,25 Stafford Ln,Across from 16 Stafford Lane,1970/01/01 00:00:00+00,Y,STAFFORD LANE,SAND,Y
-80.4499118490684,43.3842601520879,732,60193,2016/01/21 14:42:14+00,2020/11/27 00:35:50+00,ACTIVE,2019/02/21 14:26:20+00,OPERATIONS,2016/01/21 14:42:14+00,79,110 Evenstone Ave,In front of house,1970/01/01 00:00:00+00,Y,EVENSTONE AVE,SAND,Y
-80.451609732713,43.3827840863578,733,60194,2016/01/21 14:43:06+00,2020/11/27 00:35:50+00,ACTIVE,2019/02/21 10:34:32+00,OPERATIONS,2016/01/21 14:43:06+00,44,80 Chapel Hill Dr,On Evenstone Ave,1970/01/01 00:00:00+00,Y,CHAPEL HILL DR,SAND,Y
-80.4526655750979,43.382268477462,734,60195,2016/01/21 14:45:00+00,2020/11/27 00:35:50+00,ACTIVE,2019/02/21 14:26:20+00,OPERATIONS,2016/01/21 14:45:00+00,80,10 Evenstone Ave,In front of house,1970/01/01 00:00:00+00,Y,EVENSTONE AVE,SAND,Y
-80.4550710127869,43.3863766016153,735,60196,2016/01/21 14:45:35+00,2020/11/27 00:35:50+00,ACTIVE,2019/02/21 14:26:20+00,OPERATIONS,2016/01/21 14:45:35+00,39,11 Caryndale Dr,Across from Robertson Cres,1970/01/01 00:00:00+00,Y,CARYNDALE DR,SAND,Y
-80.4547699381728,43.3864561239128,736,60197,2016/01/21 14:45:52+00,2020/11/27 00:35:50+00,ACTIVE,2019/02/21 14:54:39+00,OPERATIONS,2016/01/21 14:45:52+00,40,14 Caryndale Dr,On Robertson Cres side,1970/01/01 00:00:00+00,Y,CARYNDALE DR,SAND,Y
-80.4573814678877,43.3921118491785,737,60198,2016/01/21 14:46:19+00,2020/11/27 00:35:50+00,ACTIVE,2019/02/21 15:24:26+00,OPERATIONS,2016/01/21 14:46:19+00,176,174 Marl Meadow Dr,Beside 174 Marl Meadow Dr in empty lot,1970/01/01 00:00:00+00,Y,MARL MEADOW DR,SAND,Y
-80.4628223461249,43.3942583637317,738,60199,2016/01/21 14:46:46+00,2020/11/27 00:35:50+00,ACTIVE,2019/02/21 10:34:32+00,OPERATIONS,2016/01/21 14:46:46+00,194,501 Northbrook Pl,On Old Huron Rd,1970/01/01 00:00:00+00,Y,NORTHBROOK PL,SAND,Y
-80.4378732121815,43.3999310240593,740,60201,2016/01/21 14:48:37+00,2020/11/27 00:35:50+00,ACTIVE,2019/02/21 10:34:32+00,OPERATIONS,2016/01/21 14:48:37+00,135,Homer Watson Blvd,At Homer Watson Museum on Huron Rd,1970/01/01 00:00:00+00,Y,HURON RD,SAND,Y
-80.4627776261573,43.4174155973129,741,60202,2016/01/21 15:07:40+00,2020/11/27 00:35:50+00,ACTIVE,2019/02/21 15:09:01+00,OPERATIONS,2016/01/21 15:07:40+00,82,148 Fallowfield Dr,Across the street,1970/01/01 00:00:00+00,Y,FALLOWFIELD DR,SAND,Y
-80.467752734118,43.4182201925294,742,60203,2016/01/21 15:07:56+00,2020/11/27 00:35:50+00,ACTIVE,2019/02/21 14:26:20+00,OPERATIONS,2016/01/21 15:07:56+00,83,10 Fallowfield Dr,Across the street,1970/01/01 00:00:00+00,Y,FALLOWFIELD DR,SAND,Y
-80.464120808605,43.4103776548966,743,60204,2016/01/21 15:08:30+00,2020/11/27 00:35:50+00,ACTIVE,2019/02/21 10:34:32+00,OPERATIONS,2016/01/21 15:08:30+00,210,5 Primrose Path,Across from 117 Martinglen Cres,1970/01/01 00:00:00+00,Y,PRIMROSE PATH,SAND,Y
-80.4711851686483,43.4151650717322,744,60205,2016/01/21 15:09:21+00,2020/11/27 00:35:50+00,ACTIVE,2019/02/21 15:39:53+00,OPERATIONS,2016/01/21 15:09:21+00,191,19 Murrayhill Crt,In front of house,1970/01/01 00:00:00+00,Y,MURRAYHILL CRT,SAND,Y
-80.4735872612697,43.4166885706946,745,60206,2016/01/21 15:09:36+00,2020/11/27 00:35:50+00,ACTIVE,2019/02/21 15:09:01+00,OPERATIONS,2016/01/21 15:09:36+00,51,15 Coach Hill Dr,In front of house,1970/01/01 00:00:00+00,Y,COACH HILL DR,SAND,Y
-80.4751393157246,43.4163958639885,746,60207,2016/01/21 15:10:05+00,2020/11/27 00:35:50+00,ACTIVE,2019/02/21 10:34:32+00,OPERATIONS,2016/01/21 15:10:05+00,57,38 Country Hill Dr,In front of apartment building,1970/01/01 00:00:00+00,Y,COUNTRY HILL DR,SAND,Y
-80.473722220767,43.4107094999962,747,60208,2016/01/21 15:11:19+00,2020/11/27 00:35:50+00,ACTIVE,2019/02/21 10:34:32+00,OPERATIONS,2016/01/21 15:11:19+00,65,6 Devonglen Crt,On blvd in front of house,1970/01/01 00:00:00+00,Y,DEVONGLEN CRT,SAND,Y
-80.4718387427374,43.4086026708964,748,60209,2016/01/21 15:11:47+00,2020/11/27 00:35:50+00,ACTIVE,2019/02/21 15:09:01+00,OPERATIONS,2016/01/21 15:11:47+00,66,151 Devonglen Dr,In front of house,1970/01/01 00:00:00+00,Y,DEVONGLEN DR,SAND,Y
-80.4728838033488,43.4082726073097,749,60210,2016/01/21 15:12:17+00,2020/11/27 00:35:50+00,ACTIVE,2019/02/21 10:34:32+00,OPERATIONS,2016/01/21 15:12:17+00,249,4 Southwood Crt,In front of house,1970/01/01 00:00:00+00,Y,SOUTHWOOD CRT,SAND,Y
-80.4743333308771,43.4090272518006,750,60211,2016/01/21 15:12:27+00,2020/11/27 00:35:50+00,ACTIVE,2019/02/21 16:19:43+00,OPERATIONS,2016/01/21 15:12:27+00,250,24 Southwood Dr,In front of house,1970/01/01 00:00:00+00,Y,SOUTHWOOD DR,SAND,Y
-80.4726275278416,43.4096292398149,751,60212,2016/01/21 15:12:48+00,2020/11/27 00:35:50+00,ACTIVE,2019/02/21 14:26:20+00,OPERATIONS,2016/01/21 15:12:48+00,67,120 Devonglen Dr,On Sandsprings Cres,1970/01/01 00:00:00+00,Y,DEVONGLEN DR,SAND,Y
-80.4711937254102,43.4100292900034,752,60213,2016/01/21 15:13:21+00,2020/11/27 00:35:50+00,ACTIVE,2019/02/21 10:34:32+00,OPERATIONS,2016/01/21 15:13:21+00,235,6 Sandsprings Crt,Between #6 and #12 Sandsprings Crt,1970/01/01 00:00:00+00,Y,SANDSPRINGS CRT,SAND,Y
-80.4686435921515,43.4104037609891,753,60214,2016/01/21 15:13:51+00,2020/11/27 00:35:50+00,ACTIVE,2019/02/21 16:19:43+00,OPERATIONS,2016/01/21 15:13:51+00,251,270 Southwood Dr,In front of house,1970/01/01 00:00:00+00,Y,SOUTHWOOD DR,SAND,Y
-80.4764873583592,43.4117008804376,754,60215,2016/01/21 15:14:29+00,2020/11/27 00:35:50+00,ACTIVE,2019/02/21 10:34:32+00,OPERATIONS,2016/01/21 15:14:29+00,264,850 Strasburg Rd,In front of house,1970/01/01 00:00:00+00,Y,STRASBURG RD,SAND,Y
-80.4773245321312,43.4110962874004,755,60216,2016/01/21 15:14:47+00,2020/11/27 00:35:50+00,ACTIVE,2019/02/21 14:26:20+00,OPERATIONS,2016/01/21 15:14:47+00,198,102 The Country Way,On Old Country Dr,1970/01/01 00:00:00+00,Y,OLD COUNTRY DR,SAND,Y
-80.4792458436311,43.4109270514063,756,60217,2016/01/21 15:15:08+00,2020/11/27 00:35:50+00,ACTIVE,2019/02/21 14:26:20+00,OPERATIONS,2016/01/21 15:15:08+00,240,104 Settlers Crt,In front of house,1970/01/01 00:00:00+00,Y,SETTLERS CRT,SAND,Y
-80.4845038647677,43.4062465486411,757,60218,2016/01/21 15:15:57+00,2020/11/27 00:35:50+00,ACTIVE,2019/02/21 10:34:32+00,OPERATIONS,2016/01/21 15:15:57+00,192,88 Nichole Cres,By mailboxes,1970/01/01 00:00:00+00,Y,NICHOLE CRES,SAND,Y
-80.4889944783634,43.4067634716666,758,60219,2016/01/21 15:16:20+00,2020/11/27 00:35:50+00,ACTIVE,2019/02/21 16:19:43+00,OPERATIONS,2016/01/21 15:16:20+00,31,26 Bonnybank Crt,In front of house,1970/01/01 00:00:00+00,Y,BONNYBANK CRT,SAND,Y
-80.4819081966817,43.4155626227807,759,60220,2016/01/21 15:16:39+00,2020/11/27 00:35:50+00,ACTIVE,2019/02/21 16:19:43+00,OPERATIONS,2016/01/21 15:16:39+00,27,33 Blackhorne Dr,Across the street,1970/01/01 00:00:00+00,Y,BLACKHORNE DR,SAND,Y
-80.4876162308758,43.4147272138011,760,60221,2016/01/21 15:17:08+00,2020/11/27 00:35:50+00,ACTIVE,2019/02/21 15:50:06+00,OPERATIONS,2016/01/21 15:17:08+00,28,219 Blackhorne Dr,Across the street,1970/01/01 00:00:00+00,Y,BLACKHORNE DR,SAND,Y
-80.4916512011643,43.4167750434826,761,60222,2016/01/21 15:17:31+00,2020/11/27 00:35:50+00,ACTIVE,2019/02/21 10:34:32+00,OPERATIONS,2016/01/21 15:17:31+00,229,76 Roseneath Cres,Beside crosswalk,1970/01/01 00:00:00+00,Y,ROSENEATH CRES,SAND,Y
-80.4988647450639,43.4203233288359,762,60223,2016/01/21 15:17:50+00,2020/11/27 00:35:50+00,ACTIVE,2019/02/21 10:34:32+00,OPERATIONS,2016/01/21 15:17:50+00,142,45 Kimberly Cres,In front of house,1970/01/01 00:00:00+00,Y,KIMBERLY CRES,SAND,Y
-80.498200144181,43.4183367996912,763,60224,2016/01/21 15:18:09+00,2020/11/27 00:35:50+00,ACTIVE,2019/02/21 10:34:32+00,OPERATIONS,2016/01/21 15:18:09+00,37,89 Cartier Dr,In front of house,1970/01/01 00:00:00+00,Y,CARTIER DR,SAND,Y
-80.5051010566372,43.4193508612317,764,60225,2016/01/21 15:18:26+00,2020/11/27 00:35:50+00,ACTIVE,2019/02/21 16:19:43+00,OPERATIONS,2016/01/21 15:18:26+00,129,27 Hillsborough Cres,In front of house,1970/01/01 00:00:00+00,Y,HILLSBOROUGH CRES,SAND,Y
-80.4994096020685,43.4189952137488,765,60227,2016/01/21 15:19:57+00,2020/11/27 00:35:50+00,ACTIVE,2019/02/21 14:26:20+00,OPERATIONS,2016/01/21 15:19:57+00,143,107 Kimberly Cres,In front of house,1970/01/01 00:00:00+00,Y,KIMBERLY CRES,SAND,Y
-80.50513779759,43.4163334010554,766,60228,2016/01/21 15:20:31+00,2020/11/27 00:35:50+00,ACTIVE,2019/02/21 14:54:39+00,OPERATIONS,2016/01/21 15:20:31+00,202,131 Pinedale Dr,At Williamsburg Rd near stop sign,1970/01/01 00:00:00+00,Y,PINEDALE DR,SAND,Y
-80.5041918297179,43.4114997475113,768,60231,2016/01/21 15:27:56+00,2020/11/27 00:35:50+00,ACTIVE,2019/02/21 16:19:43+00,OPERATIONS,2016/01/21 15:27:56+00,68,304 Dinison Pl,In front of house,1970/01/01 00:00:00+00,Y,DINISON PL,SAND,Y
-80.5044132587454,43.4216780938973,769,60232,2016/01/21 15:29:06+00,2020/11/27 00:35:50+00,ACTIVE,2019/02/21 16:19:43+00,OPERATIONS,2016/01/21 15:29:06+00,133,34 Howe Dr,In front of house,1970/01/01 00:00:00+00,Y,HOWE DR,SAND,Y
-80.5105194297114,43.4102330432991,770,60233,2016/01/21 15:29:44+00,2020/11/27 00:35:50+00,ACTIVE,2019/02/21 16:19:43+00,OPERATIONS,2016/01/21 15:29:44+00,298,249 Wilderness Dr,Beside Rogers Pedestal,1970/01/01 00:00:00+00,Y,WILDERNESS DR,SAND,Y
-80.5281455582286,43.4088856164726,771,60234,2016/01/21 15:30:09+00,2020/11/27 00:35:50+00,ACTIVE,2019/02/21 10:34:33+00,OPERATIONS,2016/01/21 15:30:09+00,302,Wilsons Rd,In laneway beside 1890 Ottawa St S (NOT on Ottawa St),1970/01/01 00:00:00+00,Y,WILSONS RD,SAND,Y
-80.4789136953949,43.3858326916549,772,60235,2016/01/21 15:30:31+00,2020/11/27 00:35:50+00,ACTIVE,2019/02/21 10:34:33+00,OPERATIONS,2016/01/21 15:30:31+00,164,39 Machado St,Between #37 and #39 ,1970/01/01 00:00:00+00,Y,MACHADO ST,SAND,Y
-80.4721740824772,43.3868704970485,774,60237,2016/01/21 15:34:16+00,2020/11/27 00:35:50+00,ACTIVE,2019/02/21 10:34:33+00,OPERATIONS,2016/01/21 15:34:16+00,18,Banffshire St,Across from #65,1970/01/01 00:00:00+00,Y,BANFFSHIRE ST,SAND,Y
-80.5441755050483,43.4108705333307,775,60238,2016/01/21 15:34:42+00,2020/11/27 00:35:50+00,ACTIVE,2019/02/21 15:39:53+00,OPERATIONS,2016/01/21 15:34:42+00,263,19 Stonehenge Pl,By hydro pole,1970/01/01 00:00:00+00,Y,STONEHENGE PL,SAND,Y
-80.5327608325191,43.4145699880722,776,60239,2016/01/21 15:35:03+00,2020/11/27 00:35:50+00,ACTIVE,2019/02/21 15:50:06+00,OPERATIONS,2016/01/21 15:35:03+00,278,22 Toynbee Cres,In front of house,1970/01/01 00:00:00+00,Y,TOYNBEE CRES,SAND,Y
-80.5295282602804,43.4198290454532,777,60240,2016/01/21 15:35:19+00,2020/11/27 00:35:50+00,ACTIVE,2019/02/21 16:19:43+00,OPERATIONS,2016/01/21 15:35:19+00,180,250 McGarry Dr,At Westheights Dr,1970/01/01 00:00:00+00,Y,MCGARRY DR,SAND,Y
-80.537002052985,43.4221852366667,778,60241,2016/01/21 15:35:39+00,2020/11/27 00:35:50+00,ACTIVE,2019/02/21 10:34:33+00,OPERATIONS,2016/01/21 15:35:39+00,111,5 Greenbough Cres,At hydro pole between #5 and #7,1970/01/01 00:00:00+00,Y,GREENBOUGH CRT,SAND,Y
-80.5426152755536,43.4185519719261,779,60242,2016/01/21 15:36:14+00,2020/11/27 00:35:50+00,ACTIVE,2019/02/21 10:34:33+00,OPERATIONS,2016/01/21 15:36:14+00,181,44 Meadow Woods Cres,Beside light pole,1970/01/01 00:00:00+00,Y,MEADOW WOODS CRES,SAND,Y
-80.5457039576217,43.4191126804359,780,60243,2016/01/21 15:36:45+00,2020/11/27 00:35:50+00,ACTIVE,2019/02/21 10:34:33+00,OPERATIONS,2016/01/21 15:36:45+00,274,91 Timberlane Cres,Across from 94/96 Timberlane Cres,1970/01/01 00:00:00+00,Y,TIMBERLANE CRES,SAND,Y
-80.5350538767904,43.4252165724987,781,60244,2016/01/21 15:45:54+00,2020/11/27 00:35:50+00,ACTIVE,2019/02/21 16:19:43+00,OPERATIONS,2016/01/21 15:45:54+00,152,27 Lanark Cres,Beside driveway,1970/01/01 00:00:00+00,Y,LANARK CRES,SAND,Y
-80.5305560172583,43.4258223864902,782,60245,2016/01/21 15:46:15+00,2020/11/27 00:35:50+00,ACTIVE,2019/02/21 14:26:20+00,OPERATIONS,2016/01/21 15:46:15+00,279,10 Trailview Dr,Across the street on park side,1970/01/01 00:00:00+00,Y,TRAILVIEW DR,SAND,Y
-80.5323965387311,43.4276674337036,783,60246,2016/01/21 15:47:09+00,2020/11/27 00:35:50+00,ACTIVE,2019/02/21 10:34:33+00,OPERATIONS,2016/01/21 15:47:09+00,29,38 Blackwell Dr,Beside driveway,1970/01/01 00:00:00+00,Y,BLACKWELL DR,SAND,Y
-80.5392987153108,43.4336365917953,784,60247,2016/01/21 15:47:54+00,2020/11/27 00:35:50+00,ACTIVE,2019/02/21 16:19:43+00,OPERATIONS,2016/01/21 15:47:54+00,294,3 Westforest Trail,Beside crosswalk on the Westforest Tr side at traffic lights,1970/01/01 00:00:00+00,Y,WESTFOREST TRAIL,SAND,Y
-80.5301038222082,43.4224469884787,785,60248,2016/01/21 15:48:23+00,2020/11/27 00:35:50+00,ACTIVE,2019/02/21 15:24:26+00,OPERATIONS,2016/01/21 15:48:23+00,14,16 Autumn Hill Cres,Beside driveway,1970/01/01 00:00:00+00,Y,AUTUMN HILL CRES,SAND,Y
-80.530423551036,43.4205755017895,786,60249,2016/01/21 15:49:24+00,2020/11/27 00:35:50+00,ACTIVE,2019/02/21 16:19:43+00,OPERATIONS,2016/01/21 15:49:24+00,15,240 Autumn Hill Cres,At School,1970/01/01 00:00:00+00,Y,AUTUMN HILL CRES,SAND,Y
-80.5260761670992,43.4180318166892,787,60250,2016/01/21 15:50:01+00,2020/11/27 00:35:50+00,ACTIVE,2019/02/21 15:09:01+00,OPERATIONS,2016/01/21 15:50:01+00,105,147 Glen Park Cres,Across the street by the tree,1970/01/01 00:00:00+00,Y,GLEN PARK CRES,SAND,Y
-80.5190731437544,43.4223392437187,788,60251,2016/01/21 15:50:31+00,2020/11/27 00:35:50+00,ACTIVE,2019/02/21 10:34:33+00,OPERATIONS,2016/01/21 15:50:31+00,90,53 Forest Glen Cres,On the bend,1970/01/01 00:00:00+00,Y,FOREST GLEN CRES,SAND,Y
-80.5216409349095,43.4217116246439,789,60252,2016/01/21 15:50:55+00,2020/11/27 00:35:50+00,ACTIVE,2019/02/21 10:34:33+00,OPERATIONS,2016/01/21 15:50:55+00,99,6 Forestwood Dr,At McGarry Dr,1970/01/01 00:00:00+00,Y,FORESTWOOD DR,SAND,Y
-80.5272689127999,43.4250405302706,790,60253,2016/01/21 15:51:40+00,2020/11/27 00:35:50+00,ACTIVE,2019/02/21 10:34:33+00,OPERATIONS,2016/01/21 15:51:40+00,126,43 Hillbrook Cres,Beside driveway,1970/01/01 00:00:00+00,Y,HILLBROOK CRES,SAND,Y
-80.526871344527,43.4235716733275,791,60254,2016/01/21 15:52:29+00,2020/11/27 00:35:50+00,ACTIVE,2019/02/21 15:24:26+00,OPERATIONS,2016/01/21 15:52:29+00,245,163 Silver Aspen Cres,Beside hydro pole,1970/01/01 00:00:00+00,Y,SILVER ASPEN CRES,SAND,Y
-80.526692051439,43.4227387315713,792,60255,2016/01/21 15:52:47+00,2020/11/27 00:35:50+00,ACTIVE,2019/02/21 10:34:33+00,OPERATIONS,2016/01/21 15:52:47+00,246,55 Silver Aspen Cres,Beside driveway,1970/01/01 00:00:00+00,Y,SILVER ASPEN CRES,SAND,Y
-80.5154364454301,43.4209043648914,793,60256,2016/01/21 15:53:22+00,2020/11/27 00:35:50+00,ACTIVE,2019/02/21 10:34:33+00,OPERATIONS,2016/01/21 15:53:22+00,87,414 Fischer Hallman Rd,On Greenbrook Dr beside Bus Stop,1970/01/01 00:00:00+00,Y,FISCHER HALLMAN RD,SAND,Y
-80.5082956676612,43.4266044887109,794,60257,2016/01/21 15:54:16+00,2020/11/27 00:35:50+00,ACTIVE,2019/02/21 16:19:43+00,OPERATIONS,2016/01/21 15:54:16+00,288,250 Village Rd,At walkway,1970/01/01 00:00:00+00,Y,VILLAGE RD,SAND,Y
-80.514849374912,43.4210719447647,795,60258,2016/01/21 15:55:10+00,2020/11/27 00:35:50+00,ACTIVE,2019/02/21 15:39:53+00,OPERATIONS,2016/01/21 15:55:10+00,232,180 Ruskview Rd,At Greenbrook Dr,1970/01/01 00:00:00+00,Y,RUSKVIEW RD,SAND,Y
-80.5106761148273,43.4215833493179,796,60259,2016/01/21 15:55:45+00,2020/11/27 00:35:50+00,ACTIVE,2019/02/21 15:45:55+00,OPERATIONS,2016/01/21 15:55:45+00,266,207 Sweetbriar Dr,Across the street,1970/01/01 00:00:00+00,Y,SWEETBRIAR DR,SAND,Y
-80.5017524759828,43.425150316876,797,60260,2016/01/21 15:56:05+00,2020/11/27 00:35:50+00,ACTIVE,2019/02/21 10:34:33+00,OPERATIONS,2016/01/21 15:56:05+00,103,80 Gilmore Cres,By hydro pole and crosswalk,1970/01/01 00:00:00+00,Y,GILMOUR CRES,SAND,Y
-80.4956399979021,43.4281685514917,961,60268,2016/01/22 09:07:26+00,2020/11/27 00:35:50+00,ACTIVE,2019/02/21 10:34:33+00,OPERATIONS,2016/01/22 09:07:26+00,261,787 Stirling Ave S,On Southmoor Dr,1970/01/01 00:00:00+00,Y,STIRLING AVE S,SAND,Y
-80.4884227629695,43.4301049843131,962,60269,2016/01/22 09:11:35+00,2020/11/27 00:35:50+00,ACTIVE,2019/02/21 10:34:33+00,OPERATIONS,2016/01/22 09:11:35+00,130,357 Hoffman St,On blvd across the street from #357,1970/01/01 00:00:00+00,Y,HOFFMAN ST,SAND,Y
-80.4869993428601,43.4344685086618,963,60270,2016/01/22 09:12:01+00,2020/11/27 00:35:50+00,ACTIVE,2019/02/21 10:34:33+00,OPERATIONS,2016/01/22 09:12:01+00,119,45 Heiman St,On Kehl St,1970/01/01 00:00:00+00,Y,HEIMAN ST,SAND,Y
-80.4873713188193,43.4374376828683,964,60271,2016/01/22 09:12:19+00,2020/11/27 00:35:50+00,ACTIVE,2019/02/21 10:34:33+00,OPERATIONS,2016/01/22 09:12:19+00,262,363 Stirling Ave S,On Mill St,1970/01/01 00:00:00+00,Y,STIRLING AVE S,SAND,Y
-80.4964229632872,43.4339514743152,965,60272,2016/01/22 09:14:03+00,2020/11/27 00:35:50+00,ACTIVE,2019/02/21 16:19:43+00,OPERATIONS,2016/01/22 09:14:03+00,179,248 Mausser Ave,On blvd beside 607 Stirling Ave S,1970/01/01 00:00:00+00,Y,MAUSSER AVE,SAND,Y
-80.5067767165388,43.4284169312765,966,60273,2016/01/22 09:14:26+00,2020/11/27 00:35:50+00,ACTIVE,2019/02/21 15:45:55+00,OPERATIONS,2016/01/22 09:14:26+00,295,204 Westmount Rd E,On Greenbrook Dr,1970/01/01 00:00:00+00,Y,WESTMOUNT RD E,SAND,Y
-80.5193305156197,43.4251375567332,967,60274,2016/01/22 09:14:46+00,2020/11/27 00:35:50+00,ACTIVE,2019/02/21 10:34:33+00,OPERATIONS,2016/01/22 09:14:46+00,91,573 Forest Hill Dr,On Uplands,1970/01/01 00:00:00+00,Y,FOREST HILL DR,SAND,Y
-80.513515833911,43.4245625876308,968,60275,2016/01/22 09:16:24+00,2020/11/27 00:35:50+00,ACTIVE,2019/02/21 10:34:33+00,OPERATIONS,2016/01/22 09:16:24+00,25,94 Birchcliff Ave,Beside driveway,1970/01/01 00:00:00+00,Y,BIRCHCLIFF AVE,SAND,Y
-80.5156566930334,43.4238281373128,969,60276,2016/01/22 09:16:44+00,2020/11/27 00:35:50+00,ACTIVE,2019/02/21 10:34:33+00,OPERATIONS,2016/01/22 09:16:44+00,50,36 Cloverdale Cres,In park entrance,1970/01/01 00:00:00+00,Y,CLOVERDALE CRES,SAND,Y
-80.5178126171333,43.4238324731244,970,60277,2016/01/22 09:17:44+00,2020/11/27 00:35:50+00,ACTIVE,2019/02/21 14:54:39+00,OPERATIONS,2016/01/22 09:17:44+00,281,132 Uplands Dr,In park entrance,1970/01/01 00:00:00+00,Y,UPLANDS DR,SAND,Y
-80.5136337029995,43.4254496813568,971,60278,2016/01/22 09:18:43+00,2020/11/27 00:35:50+00,ACTIVE,2019/02/21 15:09:01+00,OPERATIONS,2016/01/22 09:18:43+00,219,147 Ripplewood Cres,Beside driveway,1970/01/01 00:00:00+00,Y,RIPPLEWOOD CRES,SAND,Y
-80.5153626702747,43.4298285724613,972,60279,2016/01/22 09:19:01+00,2020/11/27 00:35:50+00,ACTIVE,2019/02/21 15:24:26+00,OPERATIONS,2016/01/22 09:19:01+00,32,16 Buttonwood Dr,Beside driveway,1970/01/01 00:00:00+00,Y,BUTTONWOOD DR,SAND,Y
-80.5182652293627,43.4320531314724,973,60280,2016/01/22 09:19:21+00,2020/11/27 00:35:50+00,ACTIVE,2019/02/21 10:34:33+00,OPERATIONS,2016/01/22 09:19:21+00,101,4 Furness Dr,Beside driveway,1970/01/01 00:00:00+00,Y,FURNESS DR,SAND,Y
-80.5185905392734,43.4326847727816,974,60281,2016/01/22 09:19:53+00,2020/11/27 00:35:50+00,ACTIVE,2019/02/21 15:39:53+00,OPERATIONS,2016/01/22 09:19:53+00,200,177 Overlea Dr,Beside driveway,1970/01/01 00:00:00+00,Y,OVERLEA DR,SAND,Y
-80.5129109509492,43.4353341219528,975,60282,2016/01/22 09:21:55+00,2020/11/27 00:35:50+00,ACTIVE,2019/02/21 14:26:20+00,OPERATIONS,2016/01/22 09:21:55+00,296,11 Overlea Dr,At Westmount Rd W,1970/01/01 00:00:00+00,Y,WESTMOUNT RD W,SAND,Y
-80.5102255231574,43.435907376855,976,60283,2016/01/22 09:22:27+00,2020/11/27 00:35:50+00,ACTIVE,2019/02/21 10:34:33+00,OPERATIONS,2016/01/22 09:22:27+00,117,93 Hearth Cres,Beside driveway,1970/01/01 00:00:00+00,Y,HEARTH CRES,SAND,Y
-80.5084292857809,43.4355594892424,977,60284,2016/01/22 09:22:46+00,2020/11/27 00:35:50+00,ACTIVE,2019/02/21 16:19:43+00,OPERATIONS,2016/01/22 09:22:46+00,118,26 Hearth Cres,Beside driveway,1970/01/01 00:00:00+00,Y,HEARTH CRES,SAND,Y
-80.5012736709576,43.4372786588472,978,60285,2016/01/22 09:23:19+00,2020/11/27 00:35:50+00,ACTIVE,2019/02/21 10:34:33+00,OPERATIONS,2016/01/22 09:23:19+00,19,4 Barclay Ave,Side of house,1970/01/01 00:00:00+00,Y,BARCLAY AVE,SAND,Y
-80.4971147732266,43.4349015955645,979,60286,2016/01/22 09:23:37+00,2020/11/27 00:35:50+00,ACTIVE,2019/02/21 16:19:43+00,OPERATIONS,2016/01/22 09:23:37+00,54,26 Coral Cres,In front of house,1970/01/01 00:00:00+00,Y,CORAL CRES,SAND,Y
-80.5004953672285,43.4377783672212,980,60287,2016/01/22 09:25:02+00,2020/11/27 00:35:50+00,ACTIVE,2019/02/21 10:34:33+00,OPERATIONS,2016/01/22 09:25:02+00,214,929 Queens Blvd,On Pleasant Ave,1970/01/01 00:00:00+00,Y,QUEENS BLVD,SAND,Y
-80.49942215904,43.4393279536617,981,60288,2016/01/22 09:25:21+00,2020/11/27 00:35:50+00,ACTIVE,2019/02/21 10:34:33+00,OPERATIONS,2016/01/22 09:25:21+00,215,871 Queens Blvd,On Spadina Rd E by bus shelter,1970/01/01 00:00:00+00,Y,QUEENS BLVD,SAND,Y
-80.4915427524683,43.4398135928515,982,60289,2016/01/22 09:26:43+00,2020/11/27 00:35:50+00,ACTIVE,2019/02/21 15:39:53+00,OPERATIONS,2016/01/22 09:26:43+00,292,175 Wentworth Ave,On West Lansdowne Ave beside big tree,1970/01/01 00:00:00+00,Y,WENTWORTH AVE,SAND,Y
-80.4911691093937,43.4378890727911,983,60290,2016/01/22 09:27:06+00,2020/11/27 00:35:50+00,ACTIVE,2019/02/21 10:34:33+00,OPERATIONS,2016/01/22 09:27:06+00,233,61 Russel St,On blvd behind church parking lot,1970/01/01 00:00:00+00,Y,RUSSEL ST,SAND,Y
-80.488737476044,43.4383604133716,984,60291,2016/01/22 09:27:28+00,2020/11/27 00:35:50+00,ACTIVE,2019/02/21 15:39:53+00,OPERATIONS,2016/01/22 09:27:28+00,183,197 Mill St,On Woodland Ave beside light pole,1970/01/01 00:00:00+00,Y,MILL ST,SAND,Y
-80.4805680314702,43.4399706332773,987,60294,2016/01/22 09:30:18+00,2020/11/27 00:35:50+00,ACTIVE,2019/02/21 15:39:53+00,OPERATIONS,2016/01/22 09:30:18+00,140,20 Kennedy Ave,Beside driveway,1970/01/01 00:00:00+00,Y,KENNEDY AVE,SAND,Y
-80.4813609696152,43.4404391156704,988,60295,2016/01/22 09:30:38+00,2020/11/27 00:35:50+00,ACTIVE,2019/02/21 10:34:33+00,OPERATIONS,2016/01/22 09:30:38+00,141,4 Kennedy Ave,In laneway,1970/01/01 00:00:00+00,Y,KENNEDY AVE,SAND,Y
-80.4807404029048,43.4408946905719,989,60296,2016/01/22 09:30:56+00,2020/11/27 00:35:50+00,ACTIVE,2019/02/21 14:26:20+00,OPERATIONS,2016/01/22 09:30:56+00,136,11 Hurst Ave,Beside lane,1970/01/01 00:00:00+00,Y,HURST AVE,SAND,Y
-80.4759516170794,43.4342032577891,990,60297,2016/01/22 09:31:49+00,2020/11/27 00:35:50+00,ACTIVE,2019/02/21 16:19:43+00,OPERATIONS,2016/01/22 09:31:49+00,267,311 Sydney St S,In front of house,1970/01/01 00:00:00+00,Y,SYDNEY ST S,SAND,Y
-80.4744463872915,43.4340063951672,991,60298,2016/01/22 09:32:35+00,2020/11/27 00:35:50+00,ACTIVE,2019/02/21 10:34:33+00,OPERATIONS,2016/01/22 09:32:35+00,184,Mill St,On Mill St,1970/01/01 00:00:00+00,Y,MILL ST,SAND,Y
-80.4660119692286,43.4278537789231,992,60299,2016/01/22 09:33:36+00,2020/11/27 00:35:50+00,ACTIVE,2019/02/21 10:34:33+00,OPERATIONS,2016/01/22 09:33:36+00,290,64 Walton Ave,At Bus stop,1970/01/01 00:00:00+00,Y,WALTON AVE,SAND,Y
-80.4645812929335,43.4265313914522,993,60300,2016/01/22 09:35:37+00,2020/11/27 00:35:50+00,ACTIVE,2019/02/21 15:39:53+00,OPERATIONS,2016/01/22 09:35:37+00,125,19 Highpark Ave,Beside hydro pole,1970/01/01 00:00:00+00,Y,HIGHPARK AVE,SAND,Y
-80.4614518810086,43.4240449182073,994,60301,2016/01/22 09:35:56+00,2020/11/27 00:35:50+00,ACTIVE,2019/02/21 10:34:33+00,OPERATIONS,2016/01/22 09:35:56+00,128,44 Hillmount St,Beside hydro pole,1970/01/01 00:00:00+00,Y,HILLMOUNT ST,SAND,Y
-80.4573053956843,43.4212655817126,995,60302,2016/01/22 09:37:07+00,2020/11/27 00:35:50+00,ACTIVE,2019/02/21 15:24:26+00,OPERATIONS,2016/01/22 09:37:07+00,244,175 Siebert Ave,In front of Unit #6,1970/01/01 00:00:00+00,Y,SIEBERT AVE,SAND,Y
-80.4555508634463,43.4239337218282,996,60303,2016/01/22 09:37:29+00,2020/11/27 00:35:50+00,ACTIVE,2019/02/21 16:19:43+00,OPERATIONS,2016/01/22 09:37:29+00,94,245 Woodhaven Rd,In front of house,1970/01/01 00:00:00+00,Y,WOODHAVEN RD,SAND,Y
-80.4553071982687,43.4254911228298,997,60304,2016/01/22 09:38:08+00,2020/11/27 00:35:50+00,ACTIVE,2019/02/21 10:34:33+00,OPERATIONS,2016/01/22 09:38:08+00,33,Byron Ave,At Hydro pole near Stop Sign,1970/01/01 00:00:00+00,Y,BYRON AVE,SAND,Y
-80.4398475957824,43.4296541305858,998,60305,2016/01/22 09:38:33+00,2020/11/27 00:35:50+00,ACTIVE,2019/02/21 16:19:43+00,OPERATIONS,2016/01/22 09:38:33+00,151,2749 Kingsway Dr,In driveway of Sunbeam Homes,1970/01/01 00:00:00+00,Y,KINGSWAY DR,SAND,Y
-80.4624937934658,43.4360184729933,999,60306,2016/01/22 09:39:05+00,2020/11/27 00:35:50+00,ACTIVE,2019/02/21 14:26:20+00,OPERATIONS,2016/01/22 09:39:05+00,209,12 Plymouth Rd,Across the street,1970/01/01 00:00:00+00,Y,PLYMOUTH RD,SAND,Y
-80.4623953396828,43.4329154625436,1000,60307,2016/01/22 09:39:25+00,2020/11/27 00:35:50+00,ACTIVE,2019/02/21 14:26:20+00,OPERATIONS,2016/01/22 09:39:25+00,56,105 Cornell Ave,Beside driveway,1970/01/01 00:00:00+00,Y,CORNELL AVE,SAND,Y
-80.4717269474166,43.4333542417552,1001,60308,2016/01/22 09:40:12+00,2020/11/27 00:35:50+00,ACTIVE,2019/02/21 10:34:33+00,OPERATIONS,2016/01/22 09:40:12+00,38,Carwood Ave,At Rockway golf maintenance yard  - driveway entrance,1970/01/01 00:00:00+00,Y,CARWOOD AVE,SAND,Y
-80.4664843478215,43.4320031306313,1002,60309,2016/01/22 09:40:52+00,2020/11/27 00:35:50+00,ACTIVE,2019/02/21 16:19:43+00,OPERATIONS,2016/01/22 09:40:52+00,69,321 Dixon St,Beside hydro pole,1970/01/01 00:00:00+00,Y,DIXON ST,SAND,Y
-80.4632472851423,43.4318055219807,1003,60310,2016/01/22 09:43:02+00,2020/11/27 00:35:50+00,ACTIVE,2019/02/21 16:19:43+00,OPERATIONS,2016/01/22 09:43:02+00,70,235 Dixon St,At Carlin Ave beside crosswalk,1970/01/01 00:00:00+00,Y,DIXON ST,SAND,Y
-80.4665314598352,43.4381996362539,1004,60311,2016/01/22 09:43:22+00,2020/11/27 00:35:50+00,ACTIVE,2019/02/21 10:34:33+00,OPERATIONS,2016/01/22 09:43:22+00,225,624 Rockway Dr,At walkway,1970/01/01 00:00:00+00,Y,ROCKWAY DR,SAND,Y
-80.4675601157032,43.4396435639513,1005,60312,2016/01/22 09:44:10+00,2020/11/27 00:35:50+00,ACTIVE,2019/02/21 15:09:01+00,OPERATIONS,2016/01/22 09:44:10+00,146,1405 King St E,Back parking lot off Preston St,1970/01/01 00:00:00+00,Y,KING ST E,SAND,Y
-80.4708694060083,43.4401564469073,1007,60314,2016/01/22 10:33:41+00,2020/11/27 00:35:50+00,ACTIVE,2019/02/21 10:34:33+00,OPERATIONS,2016/01/22 10:33:41+00,45,669 Charles St E,On Sydney St S - beside Seegmillers,1970/01/01 00:00:00+00,Y,CHARLES ST E,SAND,Y
-80.4719600140276,43.4401440836012,1008,60315,2016/01/22 10:34:51+00,2020/11/27 00:35:50+00,ACTIVE,2019/02/21 16:19:43+00,OPERATIONS,2016/01/22 10:34:51+00,178,27 Maurice St,Beside driveway,1970/01/01 00:00:00+00,Y,MAURICE ST,SAND,Y
-80.4838004973987,43.4447074680747,1009,60316,2016/01/22 10:35:17+00,2020/11/27 00:35:50+00,ACTIVE,2019/02/21 10:34:33+00,OPERATIONS,2016/01/22 10:35:17+00,167,79 Madison Ave S,Beside pathway,1970/01/01 00:00:00+00,Y,MADISON AVE S,SAND,Y
-80.4830356618086,43.4455875503749,1010,60318,2016/01/22 10:36:48+00,2020/11/27 00:35:50+00,ACTIVE,2019/02/21 10:34:33+00,OPERATIONS,2016/01/22 10:36:48+00,168,47 Madison Ave S,On blvd,1970/01/01 00:00:00+00,Y,MADISON AVE S,SAND,Y
-80.4845899597091,43.4461009037231,1011,60319,2016/01/22 10:37:29+00,2020/11/27 00:35:50+00,ACTIVE,2019/02/21 10:34:33+00,OPERATIONS,2016/01/22 10:37:29+00,41,44 Cedar St S,Beside hydro pole,1970/01/01 00:00:00+00,Y,CEDAR ST S,SAND,Y
-80.4860905372061,43.4461644163778,1012,60320,2016/01/22 10:37:55+00,2020/11/27 00:35:50+00,ACTIVE,2019/02/21 14:26:20+00,OPERATIONS,2016/01/22 10:37:55+00,49,110 Church St,Beside hydro pole,1970/01/01 00:00:00+00,Y,CHURCH ST,SAND,Y
-80.4887796026933,43.4481435841746,1013,60321,2016/01/22 10:38:28+00,2020/11/27 00:35:50+00,ACTIVE,2019/02/21 10:34:33+00,OPERATIONS,2016/01/22 10:38:28+00,22,Benton St,In front of sign at church parking lot,1970/01/01 00:00:00+00,Y,BENTON ST,SAND,Y
-80.4901594512167,43.4484220032813,1025,60323,2016/01/22 11:01:22+00,2020/11/27 00:35:50+00,ACTIVE,2019/02/21 14:26:20+00,OPERATIONS,2016/01/22 11:01:22+00,211,103 Queen St S,Beside parking lot,1970/01/01 00:00:00+00,Y,QUEEN ST S,SAND,Y
-80.4909982470956,43.4472585159321,1026,60324,2016/01/22 11:04:09+00,2020/11/27 00:35:50+00,ACTIVE,2019/02/21 15:50:06+00,OPERATIONS,2016/01/22 11:04:09+00,212,221 Queen St S,On St George St - beside apt parking lot,1970/01/01 00:00:00+00,Y,QUEEN ST S,SAND,Y
-80.4879451779291,43.4454729627921,1027,60325,2016/01/22 11:04:38+00,2020/11/27 00:35:50+00,ACTIVE,2019/02/21 10:34:33+00,OPERATIONS,2016/01/22 11:04:38+00,254,85 St George St,By stop sign,1970/01/01 00:00:00+00,Y,ST GEORGE ST,SAND,Y
-80.486382218669,43.4445344874004,1028,60326,2016/01/22 11:05:13+00,2020/11/27 00:35:50+00,ACTIVE,2019/02/21 14:26:20+00,OPERATIONS,2016/01/22 11:05:13+00,255,128 St George St,Across the street,1970/01/01 00:00:00+00,Y,ST GEORGE ST,SAND,Y
-80.4920067127215,43.4484983767107,1029,60327,2016/01/22 11:05:43+00,2020/11/27 00:35:50+00,ACTIVE,2019/02/21 16:19:43+00,OPERATIONS,2016/01/22 11:05:43+00,139,25 Joseph St,Across from Ontario St,1970/01/01 00:00:00+00,Y,JOSEPH ST,SAND,Y
-80.4939633589917,43.4472500392409,1030,60328,2016/01/22 11:06:20+00,2020/11/27 00:35:50+00,ACTIVE,2019/02/21 16:19:43+00,OPERATIONS,2016/01/22 11:06:20+00,213,310 Queen St S,On David St across from underground parking entrance,1970/01/01 00:00:00+00,Y,QUEEN ST S,SAND,Y
-80.5295173630315,43.4420961946431,1031,60329,2016/01/22 11:06:58+00,2020/11/27 00:35:50+00,ACTIVE,2019/02/21 15:39:53+00,OPERATIONS,2016/01/22 11:06:58+00,116,182 Hazelglen Dr,Beside hydro pole,1970/01/01 00:00:00+00,Y,HAZELGLEN DR,SAND,Y
-80.5260537494262,43.4351125902814,1032,60331,2016/01/22 11:07:16+00,2020/11/27 00:35:50+00,ACTIVE,2019/02/21 10:34:33+00,OPERATIONS,2016/01/22 11:07:16+00,34,8 Calais Pl,Beside hydro pole,1970/01/01 00:00:00+00,Y,CALAIS PL,SAND,Y
-80.5270242543421,43.4436587456877,1033,60332,2016/01/22 11:07:35+00,2020/11/27 00:35:50+00,ACTIVE,2019/02/21 10:34:33+00,OPERATIONS,2016/01/22 11:07:35+00,230,93 Rossford Cres,At the side of house,1970/01/01 00:00:00+00,Y,ROSSFORD CRES,SAND,Y
-80.5357422478638,43.4431683653277,1034,60333,2016/01/22 11:07:51+00,2020/11/27 00:35:50+00,ACTIVE,2019/02/21 15:39:53+00,OPERATIONS,2016/01/22 11:07:51+00,102,18 Gallarno Crt,Beside driveway,1970/01/01 00:00:00+00,Y,GALLARNO CRT,SAND,Y
-80.5284029363796,43.4502272092455,1035,60334,2016/01/22 11:08:16+00,2020/11/27 00:35:50+00,ACTIVE,2019/02/21 10:34:33+00,OPERATIONS,2016/01/22 11:08:16+00,137,Inverness Dr,Westmount golf course,1970/01/01 00:00:00+00,Y,INVERNESS DR,SAND,Y
-80.5185738833253,43.450420312769,1036,60335,2016/01/22 11:08:48+00,2020/11/27 00:35:50+00,ACTIVE,2019/02/21 10:34:33+00,OPERATIONS,2016/01/22 11:08:48+00,174,Marina Rd,Left side at beginning of lane,1970/01/01 00:00:00+00,Y,MARINA RD,SAND,Y
-80.5106295467352,43.4550248157881,1037,60336,2016/01/22 11:09:10+00,2020/11/27 00:35:50+00,ACTIVE,2019/02/21 10:34:33+00,OPERATIONS,2016/01/22 11:09:10+00,108,Green St,Beside Don McLaren Arena,1970/01/01 00:00:00+00,Y,GREEN ST,SAND,Y
-80.5079617396019,43.453609343555,1038,60337,2016/01/22 11:09:39+00,2020/11/27 00:35:50+00,ACTIVE,2019/02/21 10:34:33+00,OPERATIONS,2016/01/22 11:09:39+00,112,42 Gruhn St,Beside gate entrance on boulevard at the bend,1970/01/01 00:00:00+00,Y,GRUHN ST,SAND,Y
-80.5090518307326,43.4546475363228,1039,60338,2016/01/22 11:10:33+00,2020/11/27 00:35:50+00,ACTIVE,2019/02/21 15:09:01+00,OPERATIONS,2016/01/22 11:10:33+00,104,15 Glasgow St,Across the street from Don McLaren Arena,1970/01/01 00:00:00+00,Y,GLASGOW ST,SAND,Y
-80.5004634274565,43.4627691193702,1284,151879,2019/02/21 14:53:14+00,2020/11/27 00:35:50+00,ACTIVE,2019/02/21 14:53:14+00,OPERATIONS,2019/02/21 00:00:00+00,217,14 Raitar Ave,Beside Hydro Plow,1970/01/01 00:00:00+00,Y,RAITAR AVE,SAND,Y
-80.5508199557671,43.4393669415636,1285,151880,2019/02/21 15:11:55+00,2020/11/27 00:35:50+00,ACTIVE,2019/02/21 15:11:55+00,OPERATIONS,2019/02/21 00:00:00+00,195,153 Northmanor Cres,On boulevard in front of house,1970/01/01 00:00:00+00,Y,NORTHMANOR CRES,SAND,Y
-80.41985396505,43.4434383525343,1287,151882,2019/02/21 15:45:02+00,2020/11/27 00:35:50+00,ACTIVE,2019/02/21 15:45:02+00,OPERATIONS,2019/02/21 00:00:00+00,55,214 Corfield Pl,In front of walkway,1970/01/01 00:00:00+00,Y,CORFIELD PL,SAND,Y
-80.5295951253058,43.4412932043439,1601,151896,2019/02/22 10:10:27+00,2020/11/27 00:35:50+00,ACTIVE,2019/02/22 10:10:27+00,OPERATIONS,2019/02/21 00:00:00+00,61,58 Dalegrove Dr,Beside tree,1970/01/01 00:00:00+00,Y,DALEGROVE DR,SAND,Y
-80.4489646727076,43.4654276138025,1602,151897,2019/02/22 10:22:35+00,2020/11/27 00:35:50+00,ACTIVE,2019/02/22 10:22:35+00,OPERATIONS,2019/02/21 00:00:00+00,159,35 Lichty Cres,On walkway between 45 and 37 Lichty Cres,1970/01/01 00:00:00+00,Y,LICHTY CRES,SAND,Y
-80.4650196741024,43.4647018192737,1604,151899,2019/02/22 11:11:58+00,2020/11/27 00:35:50+00,ACTIVE,2019/02/22 11:11:58+00,OPERATIONS,2019/02/21 00:00:00+00,222,932 Victoria St N,At CN pedestrian bridge next to TA Appliances,1970/01/01 00:00:00+00,Y,RIVER RD W,SAND,Y
-80.5521764424915,43.4386912134749,1605,151900,2019/02/22 11:35:16+00,2020/11/27 00:35:50+00,ACTIVE,2019/02/22 11:35:16+00,OPERATIONS,2019/02/21 00:00:00+00,58,2119 Countrystone Pl,Place beside Mailbox so it's accessible from s/w and road,1970/01/01 00:00:00+00,Y,COUNTRYSTONE PL,SAND,Y
-80.4468928962297,43.4686568049395,1606,151901,2019/02/22 12:28:53+00,2020/11/27 00:35:50+00,ACTIVE,2019/02/22 12:28:53+00,OPERATIONS,2019/02/21 00:00:00+00,231,Rothsay Ave,Across from 101 Rothsay Ave at pedestrian bridge,1970/01/01 00:00:00+00,Y,ROTHSAY AVE,SAND,Y
-80.4858271795689,43.481202264402,1607,151902,2019/02/22 12:32:23+00,2020/11/27 00:35:50+00,ACTIVE,2019/02/22 12:32:23+00,OPERATIONS,2019/02/21 00:00:00+00,243,Shirk Pl,At the bend near 38 Shirk Pl,1970/01/01 00:00:00+00,Y,SHIRK PL,SAND,Y
-80.4356838684563,43.4152575197135,1921,152156,2019/03/07 15:07:52+00,2020/11/27 00:35:50+00,ACTIVE,2019/03/07 15:07:52+00,OPERATIONS,2019/03/07 00:00:00+00,3,131 Goodrich Dr,Goodrich Dr near Mulch bin,1970/01/01 00:00:00+00,Y,GOODRICH DR,SAND,Y
-80.4356814101924,43.415223088221,1922,152157,2019/03/07 15:07:54+00,2020/11/27 00:35:50+00,ACTIVE,2019/03/07 15:07:54+00,OPERATIONS,2019/03/07 00:00:00+00,4,131 Goodrich Dr,Goodrich Dr near Mulch bin,1970/01/01 00:00:00+00,Y,GOODRICH DR,SAND,Y
