Freguesia;Fevereiro de 2021;Janeiro de 2021;Dezembro de 2020;Novembro de 2020;Outubro de 2020;Setembro de 2020;Agosto de 2020;Julho de 2020;Junho de 2020;Maio de 2020;Abril de 2020;Março de 2020;Fevereiro de 2020;Janeiro de 2020;Dezembro de 2019;Novembro de 2019;Outubro de 2019;Setembro de 2019;Agosto de 2019;Julho de 2019;Junho de 2019;Maio de 2019;Abril de 2019;Março de 2019;Fevereiro de 2019;Janeiro de 2019
1111601: Arcos de Valdevez;3130260;3291565;4786910;3883075;4124725;3945875;4631630;4184310;3552875;3185825;2418495;3039490;3608170;3640315;4492855;3734860;3863650;3628440;5125040;4308805;3611500;3839440;3775240;3674175;3222905;3417035
1111602: Caminha;2845760;3081045;4344620;3464960;3710495;4004595;5585840;4963455;3677715;3167495;2278615;2817720;3189755;3176805;3905750;3296590;3436190;3847660;6701825;4903260;3798785;3641780;3368100;3397035;2929275;2972245
1111603: Melgaço;1196530;1274580;1954440;1520540;1607580;1485205;1935845;1603580;1345995;1210690;892505;1143350;1324545;1323440;1604210;1418360;1422095;1318375;1847150;1540830;1365575;1419380;1479330;1371955;1195565;1194250
1111604: Monção;2768460;2930760;4337410;3570880;3827910;3530430;4215930;3928660;3325750;3004480;2315470;2945930;3440330;3530370;4330530;3575900;3749900;3476600;4535600;4094610;3633500;3743900;3669010;3547730;3081570;3183980
1111605: Paredes de Coura;1206185;1295685;1917915;1554440;1648805;1522730;1602015;1575210;1338570;1229675;977945;1127785;1278650;1267220;1577840;1371810;1330345;1299585;2341730;1506150;1390590;1362045;1289515;1300890;1113380;1152640
1111606: Ponte da Barca;1220855;1295905;1912680;1644120;1723485;1696460;2108105;2015365;1636425;1592920;1196240;1413690;1621850;1653245;2163090;1699395;1785205;1700050;2401720;2024265;1786990;1838500;1663130;1707455;1517030;1502450
1111607: Ponte de Lima;5327850;5705310;8445790;6700990;7229770;7001340;8316340;7645310;6847230;6241410;4954670;5984780;6975800;6872520;8851950;7159640;7273190;7922390;8977890;8018850;7594030;7504360;7246990;7246810;6310270;6547360
1111608: Valença;2509330;2703910;3708910;3025010;3461760;3380740;3743850;3499160;2836700;2519230;1936210;2666620;3221210;3249620;4007260;3318060;3557580;3462080;4204190;3956670;3596580;3672890;3439760;3413890;3041900;3049430
1111609: Viana do Castelo;14745110;16025380;23364190;19353200;20010060;19250330;21199710;20970140;17854815;16030570;12213010;15698015;18804720;18843910;24178990;19877950;20338855;19176425;23705875;21942620;19929445;20533780;19395115;19604820;17489020;17750505
1111610: Vila Nova de Cerveira;1678940;1880470;2729610;2148970;2442510;2460460;3128130;2683730;2342890;2052830;1488100;1823060;2225600;1976560;2756300;2379170;2299010;2141380;3186420;2582170;2359400;2294480;2109735;2197510;1837200;1838640
1120301: Amares;2751685;2900720;3763695;3097505;3153625;3057820;3540780;3287935;2908225;2758250;2219155;2641130;2879960;2900560;3541970;2993520;3097420;2906760;3616195;3242475;3145200;3121550;2941565;3081875;2678730;2757140
1120302: Barcelos;17729510;18881735;26563890;20999385;22681220;22292725;24130225;23626480;21041045;19816825;16060015;19476290;21847280;21614700;27722315;22476425;23280640;21726655;25150595;24012705;22979945;23920800;23087265;22849975;20499670;21002205
1120303: Braga;30592740;33725280;48215925;38806020;41706270;40630840;41107455;44061750;38068705;33581715;25209475;34725875;43723350;43893265;55237590;46118590;47254315;44780720;46184540;49685810;46604010;49008045;45398795;45744490;41577495;42441010
1120306: Esposende;5183660;5609280;7919780;6435460;7055700;7380450;9095790;8603240;6896240;6409880;4913090;5952100;6764540;6736860;8551390;6873810;7016990;7142400;9927170;8605270;7596180;7516370;6879560;7157135;6299265;6344505
1120310: Terras de Bouro;847190;925680;1307110;1130520;1350680;1721380;2578520;1933020;1251530;926220;658850;834220;950190;927710;1144280;980680;1128810;1473690;2246070;1608940;1278490;1048700;1010270;913950;781900;823650
1120313: Vila Verde;6895620;7368580;10047085;8116115;8813310;8091130;9164535;9158910;7922875;7415055;5968995;7046015;8059415;8076760;9858120;8287745;8530805;8015845;9527240;9040405;8376710;8536800;8084130;8176370;7334270;7535415
1190304: Cabeceiras de Basto;2583450;2764520;3891455;3215865;3382060;3387585;3706375;3306630;2906175;2662245;2082175;2429995;2846570;2851740;3544850;2856610;2944290;2984540;3528710;3157480;2908600;2951190;2924320;2889300;2536540;2703560
1190307: Fafe;8424350;9063270;12590260;9725350;10076810;9646340;10538850;10522340;9233140;8933130;7162890;8271810;9276940;9337490;11960310;9529480;9695480;9059750;10681620;10390640;9629030;10005215;9227870;9411655;8415820;8743170
1190308: Guimarães;30318465;32337135;46981205;35440675;38375745;36414855;39669615;39864855;34474660;32033450;25734930;32002065;37843795;38075880;49217870;39176190;39653225;38210645;42280060;41816945;39557020;40502740;38723230;39627145;35474740;36098875
1191705: Mondim de Basto;874570;930370;1299890;1043700;1174570;1011700;1288110;1087000;931500;798930;627300;759480;891500;906270;1135000;891810;947290;926420;1324790;1046690;903670;904150;898630;881825;769560;833410
1190309: Póvoa de Lanhoso;3731550;4107500;5612680;4404615;4481360;4246630;5122605;4980030;4223160;4073710;3230535;3744880;4253570;4478550;5493540;4295055;4474930;4163035;5402355;4872575;4243050;4445090;4272595;4353890;3797305;4211690
1190311: Vieira do Minho;2068375;2204920;2818235;2243325;2377650;2399180;2891735;2612585;2208170;2064980;1619075;1844855;2065940;2150655;2536745;2097970;2316065;2136460;2811775;2589050;2160345;2223130;2108200;2122440;1925455;2002470
1190312: Vila Nova de Famalicão;22907555;24141020;34185940;26696295;29220805;28191960;29753645;31695755;27401855;26169515;20996985;25272120;28714775;28645810;36850180;29772040;30712585;28729310;31519405;32445740;30228645;31809325;30025400;30218645;27139620;27832995
1190314: Vizela;4665980;4732930;6744960;4928910;5447880;5374480;5837470;5762630;5223900;4945350;3980920;4717510;5628660;5665400;7101650;5865010;5800250;5563780;6501710;6158470;5925540;6033120;5690050;5836940;5197210;5272660
11A0104: Arouca;2757105;2966395;4285765;3236955;3312155;3084220;3906505;3747040;3334095;3040940;2494025;2938370;3372170;3289870;4248335;3604740;3698855;3911495;4409770;4058640;3800780;3793760;3577165;3585025;3225720;3355380
11A0107: Espinho;5950020;6859390;10401970;8210590;9142770;9094810;10043580;10256540;8315860;6897240;5258250;7305520;9214630;9337540;12016860;9769730;10019420;9684520;11221780;11353695;10259090;10430880;9690290;9925180;8954670;9020260
11A1304: Gondomar;22510225;23425140;33081300;26449225;27905935;26696055;27798810;29920510;25088625;24087785;19378960;23002540;25821605;25757120;33350765;27771040;27698040;26368410;27398275;29600020;27569280;28269565;25870350;26810905;24213720;24308905
11A1306: Maia;21200800;22835150;32005125;25430175;27114445;26156750;26711740;29541570;24870335;23099610;18071595;23826315;28600875;28637745;36573275;30717725;30850025;29468675;30419025;33070065;30847320;31528775;29491365;30292355;27018575;27537155
11A1308: Matosinhos;30530785;33470705;49396790;38984915;41544365;40332605;40669810;45689065;38229945;32982335;25242040;34959205;43327390;43385810;56773120;46889355;46751610;44383310;45457955;50422695;48075705;48846810;44596205;45987670;41675120;42191910
11A0113: Oliveira de Azeméis;8761820;9139230;12522410;9971100;10814640;10589590;11082660;12109750;10338300;9926400;8348680;9527010;10667960;10498470;13698800;11076690;11621770;10612260;11632765;12045460;11065465;11710515;10493020;10928970;10000040;9955775
11A1310: Paredes;13111320;13695530;18713985;14808460;15872410;15350530;16331200;16501080;14687325;14316280;11880675;13592975;14952510;14818540;18516220;15357440;15438260;14860335;16272775;16622865;15621235;16083465;14868445;15199015;13635705;13733795
11A1312: Porto;51389615;56795015;80204200;66801525;70314000;68133140;63332500;74973820;61952175;54629610;39049365;61070470;78845040;78881935;97420205;83525790;85583760;79526925;73705765;89667135;82089565;88360980;79826125;83687115;77069895;78404005
11A1313: Póvoa de Varzim;12161470;13149190;18172220;14755030;16095400;15718050;18589070;18221910;15085150;13028240;10142750;13159560;16648360;16463640;20521620;16865850;16974140;16591100;20576330;19341550;17378140;17602710;16409640;16544820;15097200;15521680
11A0109: Santa Maria da Feira;22646440;23673280;33060000;25581160;27179940;26142660;27856405;29279540;25331945;24580960;19642450;23296705;26454895;26378910;33607830;27601115;27962745;26137395;30586435;30227680;28177805;29255065;26538415;27756655;24902595;25343270
11A1314: Santo Tirso;11545365;12185150;17102090;13394510;14189750;13734995;14658070;15512430;13307180;12546730;10506465;12447490;13744465;13881670;17709925;14490190;14684110;14058205;15219125;16001765;14736955;15198675;14433500;14457425;13079790;13287220
11A0116: São João da Madeira;6921335;7488415;11833020;8561910;9232995;8773175;9293515;9747675;8326310;7614830;5768965;7476540;9359595;9269210;12742815;9790005;9727800;9440085;10463630;10775490;9919840;10268645;9293785;9589310;8409950;8771650
11A1318: Trofa;6886495;7140445;10031975;7877665;8377235;7883345;8141350;8665530;7583565;7246925;5543605;7101845;8354630;8184560;10382910;8483125;8849745;8331620;9055220;9218305;8857465;9052695;8344690;8821305;7873975;7666165
11A0119: Vale de Cambra;4103045;4468705;6726300;4902070;5226640;5025340;5731455;5762970;4887790;4732095;3779250;4395965;4994650;4979115;6484490;5029035;5069745;4796855;5935670;5489520;5255750;5263590;4827525;5035535;4432665;4410490
11A1315: Valongo;14416040;15265740;21537740;17078830;17798640;17271620;17578170;19291380;16460600;15490580;12199220;15326220;17516890;17145750;22089830;18291110;18188460;17173100;18332330;19590180;18350290;18974725;17229280;18019330;16172630;16384645
11A1316: Vila do Conde;13536340;14084925;19986345;16366105;17568585;16755910;18150815;19776310;16825980;15273780;11784855;14122740;16403815;16360310;20666190;17922585;17915190;17318245;20305445;19917110;18176445;18361270;17275735;17641280;15335675;15868715
11A1317: Vila Nova de Gaia;47179770;50544985;70880065;56771720;59504765;58133205;59639260;65905805;55120565;51643325;39995655;50721235;59612555;59830860;76318445;63334980;63481115;60282180;64040530;69773970;64268405;65444860;60282470;62319215;56223995;57104665
11B1702: Boticas;569600;640130;880370;708560;755440;672990;686870;648700;568620;517440;416280;462670;524030;621690;676380;569120;565690;551000;805520;641570;549070;599310;494105;551155;467180;571890
11B1703: Chaves;5989220;6425820;8846200;7408990;8152610;7908870;8878170;8632820;7416500;6617320;4852000;6559460;8018580;8008680;9665560;8630320;8679820;7851940;9650960;8964890;8118080;8446640;8206500;8045815;7117625;7393635
11B1706: Montalegre;1216710;1347910;1751010;1577400;1534730;1595810;1967440;1750570;1421980;1381820;1019420;1193910;1328730;1556010;1653940;1463420;1453130;1459490;2045730;1714220;1502090;1487020;1414050;1394540;1224790;1440810
11B1709: Ribeira de Pena;956660;1024740;1335200;1154980;1213740;1082030;1233120;1147160;992690;913000;715820;856780;943780;948770;1106980;971670;998150;939570;1150360;1037230;916670;955050;869660;891610;785730;814300
11B1712: Valpaços;2045895;2227395;3003480;2588525;2586990;2450950;2755260;2534125;2139810;2098970;1636645;1957540;2193460;2159980;2660205;2363080;2295965;2117350;3083895;2501980;2113180;2300085;2332225;2164410;1930745;2055715
11B1713: Vila Pouca de Aguiar;1610310;1738230;2368460;1964980;2133490;2123190;2409830;2119670;1830190;1649850;1276360;1572130;1713530;1754010;2039850;1793370;1861820;1693690;2273035;1969360;1563120;1611830;1540300;1588595;1360570;1436820
11C1301: Amarante;7708380;8174760;11538600;9272230;9910790;9800720;11228650;10518215;9221160;8522150;7035385;8272635;9593650;9544300;12093360;10051605;10019635;9550940;11579585;10967805;10256945;10365150;10069970;9909925;8827290;8973380
11C1302: Baião;2055140;2227040;3031130;2428680;2494070;2346190;2792970;2695970;2372000;2322710;2054130;2123100;2311160;2277760;2792320;2304320;2389900;2308390;2985140;2681970;2429030;2415110;2420550;2451380;2104380;2172750
11C0106: Castelo de Paiva;2235050;2489610;3582260;2596020;2581900;2551370;2844560;2777690;2446430;2284310;1871270;2191780;2478280;2448670;3172980;2686230;2577830;2454820;2804500;2778290;2487650;2502120;2434580;2423580;2174960;2302470
11C0305: Celorico de Basto;2204090;2347090;2986480;2356530;2523760;2417470;2809250;2520320;2261230;2185930;1874230;1989600;2148630;2184540;2657820;2348920;2201420;2025440;2707240;2424400;2246410;2275820;2171580;2160960;1919310;1993540
11C1804: Cinfães;2268680;2455400;3233250;2568330;2740460;2748250;2956090;2679570;2336890;2420470;2156590;2119160;2284540;2366690;2739550;2240540;2478880;2327590;3032390;2748740;2389880;2354780;2263450;2358320;2049380;2142460
11C1303: Felgueiras;11428980;11755475;16458235;12309115;13238125;12929850;14448975;13847535;12011570;11826980;9980380;10902045;12574010;12527615;15773450;12863960;13133890;12595045;14337790;13444585;12663905;13101035;12563380;12851895;11590270;11931225
11C1305: Lousada;7700790;7852690;10729360;8387660;8555590;8641030;9501050;9624200;8539740;8208860;6961940;7523560;8584850;8561150;10837750;9090620;8889090;8338980;9716720;9301300;8962420;8914300;8433710;8699420;7763510;7894050
11C1307: Marco de Canaveses;7788310;8357930;11699430;8851920;9434800;9012170;10290020;10016540;8688260;8172430;6854060;7767280;8931520;8892810;11419620;9270520;9369080;8902440;10508450;10037680;9348990;9344400;9388030;9111340;7996770;8425600
11C1309: Paços de Ferreira;9749820;9883170;13738070;10458250;11120300;11292160;12085240;12076300;11057320;10209000;8248000;10052870;11590050;11333810;14155930;11914360;12245460;11640380;12708550;12812640;12143030;12405710;11622910;12071820;10664230;10699300
11C1311: Penafiel;11918940;12738520;17538955;13887765;15117450;14911235;16082285;15876665;13922770;13344775;10636730;12645525;14421875;14619480;18086755;15683310;15119695;14488725;16591140;15994255;14954795;15317185;14554285;14802755;13035360;13543745
11C1813: Resende;1115565;1247250;1762415;1452325;1511030;1512750;1911860;1736235;1457645;1364090;1001685;1203625;1379190;1432700;1795385;1471235;1466735;1462950;1831430;1618470;1501945;1484980;1461480;1406150;1231315;1313195
11D1701: Alijó;1457800;1530435;1954025;1596255;1799320;1926510;2134995;1987630;1734215;1622015;1306335;1620320;1708570;1689945;1949635;1795780;1804945;1783760;2199140;2029280;1706385;1778950;1722505;1779245;1518010;1601955
11D1801: Armamar;482110;499300;684070;539680;502340;380470;674450;656090;570090;512660;417170;478010;522670;571950;646100;537130;596200;525890;668650;601290;523260;527260;546440;518880;466670;505515
11D0403: Carrazeda de Ansiães;503910;540390;704655;595145;613475;769760;929400;834265;786825;681230;521785;585355;696850;674700;779135;680900;721660;727775;947630;773325;646310;639045;672835;632355;520935;554970
11D0404: Freixo de Espada à Cinta;334430;353510;485380;385000;465420;469530;529950;460240;409250;400050;309290;381080;415210;394710;457600;455680;412390;444470;528660;438970;409680;384940;408490;390080;338185;365295
11D1805: Lamego;3457865;3767505;5260595;4437035;4649225;4608700;5186535;4808965;4193080;3772700;2882860;3474295;4083730;4174090;5152520;4355625;4418365;4639370;5261365;4541870;4150020;4486130;4158530;4028685;3617000;3775950
11D1704: Mesão Frio;585410;611500;865450;689180;738220;689010;848490;789260;740430;668250;585970;577070;603130;634780;782410;648770;660660;626830;784360;712040;634350;642130;660900;621390;549020;608050
11D1807: Moimenta da Beira;1237295;1288845;1949355;1611850;1728685;1693650;1973060;1723890;1419475;1197475;952660;1191525;1352210;1407955;1661625;1438445;1488500;1372200;1913800;1652325;1375425;1503410;1451180;1363635;1203715;1299015
11D1707: Murça;650730;667550;877730;732140;774000;795780;850930;852220;759310;725910;605860;694020;740350;805840;956580;801670;822460;772610;975910;903910;772540;836780;786680;776070;723580;730760
11D1812: Penedono;363700;395990;539670;460330;474190;398510;493740;429710;351270;334290;252460;282680;301830;310650;363745;316150;332285;305610;448590;409920;305590;315585;306345;315760;259550;288195
11D1708: Peso da Régua;2778900;2952540;4195310;3292530;3558700;3506680;3918890;3786740;3326800;2959980;2320740;2916340;3485340;3503390;4372980;3584330;3745600;3552960;4197070;3987870;3572280;3734660;3523660;3510030;3136740;3304290
11D1710: Sabrosa;726430;757845;1015920;887585;894805;724480;800530;747445;726880;714980;566920;610795;638850;671845;753580;695900;701420;703470;869660;775620;651525;674145;677325;687130;594010;619160
11D1711: Santa Marta de Penaguião;516540;516540;715030;633620;670260;656880;676780;708880;629130;607810;559830;571600;549650;623880;661320;587150;625220;585610;659860;640320;594960;599870;574230;585520;513420;577560
11D1815: São João da Pesqueira;787550;777080;1084730;948710;993540;1008900;1204680;1076170;973940;929090;743590;876240;888630;919770;1050425;925590;915405;916790;1194010;1038935;970340;985695;952885;936745;826185;865125
11D1818: Sernancelhe;569310;575460;817200;674450;688210;582665;790075;575775;469685;451765;354205;429135;480610;507160;554610;462645;527410;455370;649800;563480;471390;470950;435515;458820;386535;425730
11D1819: Tabuaço;396730;419710;544140;449810;493995;519095;588575;582535;501750;520790;402215;430610;445785;462375;549390;480060;514410;465345;568780;514910;476720;497170;481580;480135;415530;450755
11D1820: Tarouca;833190;887615;1234265;1066220;1047815;1045655;1194925;1063605;971380;922665;714640;799250;841890;890630;1075115;967110;970570;936645;1286910;1121515;967870;1090445;1043170;971720;831295;894445
11D0409: Torre de Moncorvo;942940;1051880;1426260;1160810;1212070;1107420;1332980;1291070;1108080;1038510;780300;989770;1055230;1049850;1290140;1116360;1125160;1041570;1384030;1181620;1063790;1122880;1153030;1056210;943310;961310
11D0914: Vila Nova de Foz Côa;831190;854940;1163970;1068750;1136640;1237200;1360660;1209760;1088410;1016600;683320;966500;1072650;1013710;1244750;1100750;1112050;1145880;1360080;1091270;1032570;1102035;1080505;1127165;924710;915805
11D1714: Vila Real;8634250;9542130;13505640;11028265;11819880;11068815;11824390;12237105;10425940;8854465;6678425;9369300;11612410;11783810;14475995;12236250;12466215;11601420;12695060;13005045;12263700;12506815;12024490;11851980;10593555;11104735
11E0401: Alfândega da Fé;454830;507310;706320;628410;657980;666150;742160;625450;659210;593360;407600;507270;603150;582530;759330;693780;684480;634520;803930;714380;671360;636180;652550;612910;528720;566800
11E0402: Bragança;5355965;5916565;8464565;7018040;7238460;6851615;7242310;7383915;6525480;5579360;3981190;5968865;7303710;7509985;8997015;7799970;8041150;7233825;8253595;8028465;7443365;8216495;7796385;7641520;6869230;7080845
11E0405: Macedo de Cavaleiros;1798380;1952560;2735430;2216190;2287740;2332710;2704410;2588240;2239110;2068720;1484880;1926270;2402790;2372920;2968380;2459570;2440100;2230200;2986110;2611600;2250570;2335720;2299630;2315610;1992910;2151295
11E0406: Miranda do Douro;851750;871880;1346700;1107110;1225050;1249970;1574070;1213090;1229000;1065730;750570;997140;1207120;1126910;1498030;1276860;1373610;1231730;1802680;1348830;1239470;1220010;1304190;1247250;1081490;1075850
11E0407: Mirandela;3293795;3609855;5127185;4205655;4481355;4265265;4785255;4625115;4117830;3730270;2829550;3696415;4374175;4455105;5555535;4814980;4693985;4318965;5515355;5077770;4421110;4658130;4491390;4465895;3963175;4239500
11E0408: Mogadouro;981100;1065870;1549170;1288410;1364810;1392120;1628160;1476570;1288690;1112520;813450;1105300;1306930;1349970;1642150;1492820;1505300;1270130;1781440;1492270;1324360;1416240;1384860;1338890;1172130;1279630
11E0410: Vila Flor;880110;915090;1335340;1144570;1149920;1066580;1155075;975925;858290;861800;678870;784505;860185;810335;1003780;892395;893660;818765;1163950;921930;864125;876180;851905;861765;768795;769980
11E0411: Vimioso;389550;416850;545860;505640;492780;485640;686090;577790;514120;493340;351910;413940;500390;497460;636730;513480;523060;474490;790870;575890;515130;529270;555580;507700;437740;424380
11E0412: Vinhais;719420;758230;1038070;860050;908260;919800;1059270;964780;899220;770640;599145;734185;970000;880220;992475;802970;909230;864220;1110685;939000;822085;918370;880165;847495;869290;788885
16B1001: Alcobaça;8280905;8686025;12884590;10425830;10864335;10741140;12362975;12591320;10548060;9742145;7342110;9445905;11219990;11125795;13869035;11441010;11910355;11513290;13256295;13245285;11729150;12209275;11257190;11867330;10592855;10624695
16B1101: Alenquer;6180560;6641090;9449790;7891875;8205980;7760020;7710050;8731675;7842360;7215690;5710770;7282200;8066735;8164270;10190160;8726810;8846925;8382170;8281335;9034790;8909000;9151025;8118785;8726685;7654535;7812410
16B1102: Arruda dos Vinhos;2044580;2155970;3074300;2488830;2662400;2538550;2491050;2739950;2399760;2247600;1775450;2299230;2487430;2470740;3016370;2657340;2720860;2543070;2606420;2760100;2739450;2727270;2502360;2684460;2345700;2300950
16B1005: Bombarral;2039120;2178670;3009580;2566220;2709560;2524810;2557510;2690980;2315860;2250570;1746830;2233460;2461250;2434750;2980980;2560480;2607750;2454820;2863430;2817470;2553990;2623530;2409720;2467790;2269680;2261250
16B1104: Cadaval;1707230;1831180;2560770;2047650;2231840;2202040;2526420;2417940;1990650;1961480;1559810;1825560;1987110;1999040;2513500;2021570;2119060;2048170;2412100;2304680;2047900;2161290;1923710;2104310;1848830;1930080
16B1006: Caldas da Rainha;8068720;8698375;12944675;11064320;11456130;11286500;12273375;12461580;10870230;9474420;6903545;9681970;11961455;11921640;15137460;12691220;12997100;12414405;14287265;14367250;12767915;13164925;11981610;12675965;11294125;11597660
16B1108: Lourinhã;3838130;4176695;5807160;4941205;5159435;5188070;5942375;5907305;4965855;4619370;3450895;4427780;4925350;4984820;5996900;5169850;5462190;5421670;6410950;6199290;5462755;5454015;5094545;5219865;4583190;4659460
16B1011: Nazaré;2265230;2451585;3628985;3003315;3396590;3950665;5558450;4695855;3575000;2815680;2045770;2562990;3408970;3107530;4072830;3310630;3551030;4326670;6593945;5381415;4017345;3690915;3316350;3611010;3131690;3027760
16B1012: Óbidos;1646975;1693820;2468815;2080425;2228555;2231650;2516255;2462180;2048440;1828300;1495395;1898680;2074245;2108845;2784885;2173580;2235265;2168690;2739855;2607820;2225625;2324725;2137660;1995595;1707920;1815780
16B1014: Peniche;4263460;4537790;6680880;5631330;5862540;5970130;7311800;7238310;5883110;5152920;3742910;4805670;5721410;5597050;6955710;6008140;6164000;6396730;8875570;7757700;6447740;6276180;5798310;6067940;5309780;5417300
16B1112: Sobral de Monte Agraço;1524020;1624350;2238840;1911285;1954075;1829930;1792985;2013070;1771115;1765475;1406585;1677405;1803460;1786610;2197350;1859470;1881420;1943980;1880280;1963010;1873350;1946940;1760315;1822810;1632410;1703425
16B1113: Torres Vedras;12036175;13056055;18828500;15774200;16428875;15910185;16693040;17634115;15193260;13817575;10179920;13822595;17228005;16478960;20251345;17004755;17532310;16992425;18544265;19815720;17606345;18000500;15998530;17516135;15436605;15474060
16D0101: Águeda;7322550;7568400;11032430;8634465;9343660;8812835;9336785;9874935;8609005;8335765;6807615;7947665;9114085;9075220;11939125;9685755;9926965;9265365;10066690;10912425;9822980;10505705;9342915;9853210;8704845;8703695
16D0102: Albergaria-a-Velha;4487830;4772470;6681615;5342965;5627935;5291460;5692130;5997995;5264580;4813865;3679390;4791805;5510735;5496320;7076785;5876610;5948210;5533910;6275735;6209335;5544095;6080605;5706370;5820375;5214775;5258335
16D0103: Anadia;3536270;3699060;5304150;4295230;4410370;4303560;4594580;5005240;4341380;4057420;3297280;3962990;4551770;4558280;5712370;4670810;4867270;4511930;4885660;5064140;4770010;4807030;4472150;4614600;4059300;4166790
16D0105: Aveiro;13488910;15044985;22341030;18344785;19244660;18844175;19992640;20922905;17644045;15718530;11457060;16299185;20807255;21032135;26377875;22207485;22594300;21433565;22617715;24334090;22684090;23590670;22413600;22412500;19875605;19975345
16D0108: Estarreja;4164350;4548690;6503875;5124915;5421605;5259560;5646565;5879415;5252660;4956135;3799995;4625955;5322335;5278285;6895340;5527025;5612740;5264060;5893605;6023290;5659820;5787740;5253105;5455955;4813255;4819885
16D0110: Ílhavo;5630825;5974465;8331595;6819210;7294815;7361920;7801395;8150935;7063030;6440275;4931935;6101445;6988435;6854065;8566485;7179835;7391405;7261680;8579015;8373445;7509510;7623915;6867690;7105640;6292240;6256430
16D0112: Murtosa;1385900;1483160;2029520;1765260;1979260;1985840;2541260;2302720;1900420;1741680;1269090;1532740;1639130;1657140;2006020;1788050;1898990;2195470;2757450;2240930;1972410;1931000;1682950;1741060;1508950;1568990
16D0114: Oliveira do Bairro;3365670;3581025;5084810;4051220;4242130;4159975;4578560;4810715;4104620;4036925;3256385;3871460;4267225;4267995;5495415;4540810;4668925;4438955;5007695;5074495;4634320;4807585;4284095;4482950;3943730;4025190
16D0115: Ovar;9505540;10149175;14793145;11609390;12468005;12253560;13553090;14230480;11692970;10152500;6919710;8995020;12253695;12012795;15602395;12670585;12782335;12623230;15043695;14590120;13223365;13319345;12225735;13102365;11488005;11509190
16D0117: Sever do Vouga;1512840;1537850;2298090;1737930;1857150;1794000;2070120;2055910;1903590;1786340;1370910;1692580;1899190;1874400;2399970;1865880;1912700;1798720;2079290;2074850;1900120;1941880;1821720;1823480;1666710;1675240
16D0118: Vagos;2760850;2842710;3928280;3216920;3407350;3358060;3980710;3920320;3337980;3213550;2477630;2870775;3199150;3169460;3996045;3307760;3429415;3293600;4234420;3827980;3502365;3440160;3192215;3343020;2892315;2981200
16E0601: Arganil;1683925;1706945;2610000;1970175;2120245;2056255;2586750;2328655;1803775;1655590;1296730;1495635;1666180;1685680;2056570;1732245;1809760;1828055;2544775;1974415;1870825;1828510;1788150;1721895;1509080;1554235
16E0602: Cantanhede;5405320;5702415;8265815;6935765;7216850;6945650;8101760;8026470;6950725;6411765;4969280;6087835;6862900;6906060;8774160;7439200;7478745;7032970;8934975;8737690;7417570;7523930;7275790;7317770;6451130;6595475
16E0603: Coimbra;21654735;24187285;37944770;30953860;32644410;30301460;28981555;32942520;28512600;24141535;17958370;27284685;35295325;35394000;44622595;38187235;39520200;35636395;33146890;39384080;37534985;40205945;36352260;37412095;34354290;34296370
16E0604: Condeixa-a-Nova;2250200;2267960;3502500;2699330;2874830;2707440;2884200;2871930;2557940;2291460;1813620;2336270;2673430;2771760;3486190;2826080;2928590;2833420;2891120;3145990;2895510;2952190;2801160;2754970;2463980;2536010
16E0605: Figueira da Foz;8999685;9655210;13814050;11320300;12728095;12879060;15980610;15366300;12635330;10779050;8201590;10706430;13200475;12937950;16188495;13647295;14029635;13946800;18170850;17108040;14537675;14452020;13747100;13907545;12167945;12420405
16E0606: Góis;409080;419940;685890;548360;582440;617510;860910;742860;586510;540240;417420;489810;495720;507120;581250;543060;540030;549520;1055780;653110;551040;525970;527980;526040;425650;431210
16E0607: Lousã;2231400;2347260;3548790;2954220;2955450;2909480;3060660;3080840;2718930;2463410;1871080;2375120;2813890;2751820;3564890;3046510;3027380;2856570;3127800;3222110;3153290;3081930;2836400;2839470;2567200;2519030
16E0111: Mealhada;3408615;3442440;5048360;4046500;4364065;4114485;4389050;4543690;3882255;3546455;2803605;3476010;4148615;3992725;5166010;4313090;4408655;4100445;4682560;4782115;4555750;4492370;4165395;4293875;3795485;3838705
16E0608: Mira;1450485;1567565;2285365;1869535;2031320;2219270;3223670;2826710;2144045;1806680;1320775;1638965;2019930;1922495;2454770;1945455;1991580;2167200;3490705;2855280;2179550;2158020;1951200;1961710;1661490;1693925
16E0609: Miranda do Corvo;1413055;1453110;2135780;1669330;1790655;1734805;1884320;1933220;1643925;1439550;1207290;1363060;1580360;1558235;2030455;1651100;1705035;1544495;1682200;1809260;1664710;1677070;1590475;1582625;1452270;1488185
16E0610: Montemor-o-Velho;2501745;2738790;4109430;3285665;3477710;3369565;3513890;3830995;3343055;3017660;2423755;2876420;3202395;3074125;4087290;3407455;3404240;3424705;3784045;3759020;3528615;3517230;3359495;3349360;2973460;3061190
16E1808: Mortágua;1339135;1415660;1988620;1595870;1703075;1630820;1839770;1617110;1436290;1303130;1038285;1304405;1422605;1445020;1744775;1495595;1611280;1467200;1803770;1604265;1485160;1541500;1446405;1447235;1281570;1335550
16E0611: Oliveira do Hospital;3193330;3280050;4738430;4037520;4102850;3975760;4609280;4310770;3736910;3379520;2609060;3324080;3795890;3843020;4834690;3980760;4078950;3907020;4694610;4438410;4025110;4120570;3950990;4089620;3549570;3729110
16E0612: Pampilhosa da Serra;521910;515300;751260;657500;726460;628875;1006645;756795;674270;575690;445115;474100;493020;506610;716235;599105;635895;655190;1192330;784040;644325;597480;600785;610665;492850;524640
16E0613: Penacova;1156890;1182450;1747830;1352590;1398650;1276180;1533880;1479190;1358090;1313660;1060520;1259650;1345700;1347030;1603110;1443630;1484610;1332600;1566500;1502860;1401420;1403910;1352630;1337660;1190870;1222230
16E0614: Penela;623230;668230;994870;816025;908920;737880;739670;782045;628850;627385;526815;580625;668000;660405;873650;720345;739195;750520;804685;777945;696305;718380;668260;713605;597715;628495
16E0615: Soure;2234930;2413720;3563620;2751630;2896410;2628810;2821220;2786910;2458050;2347420;1885940;2232700;2503610;2517310;3134950;2720350;2785760;2771080;3004340;3017150;2778260;2802550;2621950;2716080;2340520;2397290
16E0616: Tábua;1503090;1551695;2326090;1988770;1968405;1952585;2099710;1873370;1658500;1558340;1179100;1458950;1702560;1629240;2141430;1898050;1838705;1832215;2062410;1993925;1891710;1864065;1812370;1840635;1566765;1604495
16E0617: Vila Nova de Poiares;1104840;1040480;1536990;1273890;1280070;1203150;1242490;1269030;1097520;1042730;790300;958170;1088010;1038800;1346330;1140570;1126140;1169690;1273970;1211490;1136450;1091030;1046220;1065860;976020;1007750
16F1002: Alvaiázere;837975;842810;1243860;1042050;1154915;1163635;1336220;1323040;1119910;1095575;768670;983095;1080220;1058980;1313530;1133055;1224280;1110470;1383870;1272840;1106170;1135960;1042105;1106025;969920;1020980
16F1003: Ansião;1879715;1959110;2854690;2394490;2570435;2368440;2639660;2609695;2273300;2134740;1642975;1984790;2270695;2295895;2719940;2380405;2507225;2352320;2780425;2577750;2388680;2433995;2269820;2352720;2068655;2205355
16F1004: Batalha;1712740;1923000;2867460;2324020;2494620;2440350;2641900;2611750;2289710;2049100;1496180;2086260;2460090;2462440;3090200;2586850;2748340;2630960;2954940;2896320;2724400;2828240;2576130;2658090;2416210;2462250
16F1007: Castanheira de Pêra;454690;490700;669595;571160;603465;538750;528990;470235;409850;368650;278230;311545;350925;323085;396555;339825;342030;346160;507835;415870;324075;344015;337740;289205;299010;286835
16F1008: Figueiró dos Vinhos;690855;666310;1089175;855390;908360;903840;1060980;969860;864475;826055;610230;753120;810225;752525;977730;840330;873935;852260;1045640;967475;895390;874860;819120;878705;721435;747165
16F1009: Leiria;18207835;19881650;29495925;24292915;25644315;23641725;24921580;26068525;22697240;20187165;15160345;20907195;25775850;25763650;31989855;27097665;28033125;26262305;28248720;29247495;27323270;29610080;26543630;27163375;24256195;24731015
16F1010: Marinha Grande;6811240;7198690;10562465;8560235;9073650;8732130;9669490;10215785;8406345;7549810;5838290;7536915;8896415;8913930;11387385;9137270;9732545;9471260;10988775;11085360;9736105;10112300;9318115;9512785;8610485;8743815
16F1013: Pedrógão Grande;512690;569460;814210;738540;784270;775550;1002540;879710;762410;626890;474590;590440;619540;610490;712490;672300;698420;638600;879070;783030;668670;621510;619610;621090;554830;556610
16F1015: Pombal;7368210;7923735;11410035;9343210;10136500;9540270;10847385;10747830;9421325;8550160;6399920;8581450;10069470;10131850;12418775;10579445;10867040;10241820;12223645;11747795;10662025;11072255;10389225;10521200;9293675;9573640
16F1016: Porto de Mós;3722600;3863690;5491910;4626740;4834940;4481590;4746720;4849720;4313240;4076990;3204500;3975450;4510230;4416090;5598970;4518010;4690650;4482090;5012630;5169470;4642820;4800355;4359635;4541455;4029155;4086930
16G0901: Aguiar da Beira;615930;615730;924920;784080;787750;782360;1078940;742550;672880;620900;477300;553550;606980;603450;718990;628730;650260;582460;943660;793220;621210;664020;669190;623130;533020;603010
16G1802: Carregal do Sal;1360790;1430790;2108690;1703440;1739270;1715250;1889200;1721830;1532120;1422980;1093480;1431830;1627300;1610330;2005690;1645250;1727030;1589310;1953350;1930370;1674970;1732190;1679890;1692620;1446730;1502690
16G1803: Castro Daire;1850245;1943355;2789200;2397710;2645610;2515340;3229485;2654555;2285430;2080195;1503890;1891215;2121440;2255640;2756085;2269240;2393430;2254915;3365575;2705845;2236485;2365160;2289645;2109555;1879540;2043930
16G1806: Mangualde;2773245;2794845;4073865;3158920;3515390;3427350;3773840;3834610;3234800;2951460;2190155;2906175;3369135;3424510;4292300;3684655;3751825;3499405;4119730;3816570;3406330;3585645;3457590;3440385;3114450;3157835
16G1809: Nelas;2072095;2216590;3311305;2659525;2727940;2657375;2933655;2867950;2498875;2320805;1767205;2210475;2560005;2458460;3268655;2643675;2723265;2624290;2940085;2914965;2627955;2689310;2579255;2627265;2269110;2366515
16G1810: Oliveira de Frades;1451945;1577810;2363880;1656460;1788470;1788695;2037340;1915630;1655295;1468725;1176735;1445720;1679805;1613310;2072050;1671855;1711345;1704835;2057050;1946305;1774045;1809945;1749450;1696735;1485980;1592465
16G1811: Penalva do Castelo;640090;638770;1029760;842700;921740;900430;925020;788150;605770;675780;487320;584180;637000;685110;817850;668140;712330;653630;916040;755130;634740;669600;665870;663140;581360;632380
16G1814: Santa Comba Dão;1516240;1573520;2358960;1926655;2030590;2007545;2263410;2100885;1825760;1618100;1307880;1616285;1863840;1846610;2308590;1873785;2007805;1891460;2388750;2167555;1998850;2012280;1971730;1931405;1696380;1755910
16G1816: São Pedro do Sul;1828230;1904965;2834845;2364790;2609005;2660025;3093725;2948985;2517505;2265355;1755350;2170700;2431065;2481395;3031130;2737585;2826695;2758255;3644450;3042100;2727895;2699880;2579390;2563845;2179695;2233215
16G1817: Sátão;1245980;1356890;1932330;1575445;1701090;1643535;1924360;1637885;1469305;1381115;1042745;1256010;1382905;1426790;1720190;1386250;1424915;1367110;1796905;1570300;1374980;1445575;1380595;1340850;1207080;1276500
16G1821: Tondela;3882635;4187995;6239190;4986500;5110075;4997295;5694000;5544475;4796490;4426330;3401245;4333865;4878405;4976895;6258410;5094500;5319205;5244155;6068425;5900165;5159740;5377410;5231775;5119350;4515540;4732465
16G1822: Vila Nova de Paiva;514840;551260;785770;634850;629840;675060;1028430;818700;723040;671740;500940;598970;646470;687730;830690;684340;712440;683585;1056870;810205;716490;704265;704800;675625;600360;651500
16G1823: Viseu;14525800;15644315;23864385;19559290;20357930;19693000;21681120;22041875;18720480;16396150;12140535;16787585;20626810;20990670;26320005;21898945;22492550;22062190;24912305;23556655;21279920;22349260;21032105;21133755;19221375;20014020
16G1824: Vouzela;1102215;1069735;1660215;1408265;1392465;1329115;1451490;1303085;1213215;1121155;943380;1078250;1153285;1142920;1355665;1127260;1274615;1153295;1385610;1309240;1201145;1209075;1113520;1106525;996615;1027720
16H0502: Castelo Branco;8346930;9188615;13443570;11167055;11860155;11425160;11865485;11940710;10450555;9304730;6727065;9479065;11099940;11158415;14474180;12225405;12283220;11437460;12351620;12562305;11908365;12224465;11386685;11505395;10393150;10650905
16H0505: Idanha-a-Nova;1255970;1370240;1909410;1643380;1706380;1768825;2172800;1932025;1674610;1477450;1113510;1443140;1466245;1412020;1687030;1586035;1515180;1556795;2104240;1790605;1527440;1590460;1525195;1453655;1228720;1226340
16H0506: Oleiros;703790;749005;1103595;878375;929265;762045;948245;818085;751200;690235;540020;635845;642965;629555;833020;665325;660625;640455;949120;780830;659860;673080;649000;623195;533845;572600
16H0507: Penamacor;517880;546715;852195;676340;680700;652955;790215;633995;541590;527220;421540;510655;550565;482085;699615;610825;561085;581915;824915;606940;565310;586380;568905;547680;463440;504245
16H0508: Proença-a-Nova;1052345;1101880;1599480;1288730;1371720;1362905;1488815;1268205;1139085;1081045;779670;1036240;1065665;1056660;1400515;1163095;1156105;1129690;1448900;1258300;1176610;1195750;1091820;1105575;986490;973895
16H0511: Vila Velha de Ródão;382785;410065;600895;491230;543750;393585;473070;425330;388310;338760;273015;338640;343990;325590;436995;349655;308960;303720;381595;358025;358020;369190;283990;317335;281095;287810
16I1401: Abrantes;6280270;6649650;10033380;7882110;8454340;7879580;8445390;8729320;7566210;6647480;5101320;6827830;7859000;7766050;10044310;8533520;8449260;7925880;8789240;8994560;8365980;8523980;7794185;8046950;7204985;7306585
16I1402: Alcanena;2577240;2661660;3840500;3091690;3280210;3167470;3270450;3557450;3062130;2837190;2217950;2744810;3161990;3090290;4010470;3299740;3395670;3203070;3548780;3735670;3418300;3622110;3238980;3355250;3005870;3064760
16I1408: Constância;548565;594365;860460;729155;777675;779860;823785;851930;757205;691205;546895;615570;647220;677090;804180;707760;754865;695330;714810;789470;757210;748830;695730;688520;595080;632460
16I1410: Entroncamento;3184400;3406270;5229640;4195690;4264650;3991310;3820650;4013680;3486110;3272760;2383430;3295530;3973820;4038510;5049540;4290250;4310980;4000360;4001350;4411470;4200270;4314830;3944760;4131390;3657370;3741370
16I1411: Ferreira do Zêzere;1168405;1182350;1859735;1601025;1611905;1621910;1938935;1667490;1462375;1332035;1030065;1248095;1382370;1314200;1670335;1479885;1420905;1519860;1902315;1746065;1525625;1478530;1368455;1389465;1223720;1164630
16I1413: Mação;993680;1042810;1550010;1304550;1348160;1192895;1436975;1350915;1197895;1085425;821545;1034060;1074435;1049945;1404820;1263885;1183265;1148725;1505095;1289090;1180050;1157670;1156565;1162720;968490;996685
16I1421: Ourém;6986815;7398640;10783775;8659570;9499175;9016555;10548690;9731975;8522485;7738420;5691135;7547990;8804670;8890125;10789480;9258850;9931255;9292200;11416845;10385920;9782000;10328630;9100845;9306535;8185025;8244295
16I1417: Sardoal;446730;495830;719500;602650;639930;566330;504710;564990;491450;508960;370460;442370;470530;473470;562080;491150;505240;479170;521520;518780;462530;466980;465870;434065;377525;414510
16I0509: Sertã;2142500;2181260;3234790;2747860;2791295;2798470;3298610;3243710;2762085;2498960;1934860;2442895;2688895;2643910;3330975;2830685;2855735;2790905;3727715;3229865;2712450;2786080;2650875;2682130;2356460;2328250
16I1418: Tomar;5971460;6366835;9674920;7923180;8103020;7761360;8482210;8813695;7892260;7015370;5274960;6785765;7902245;7788070;9891425;8408845;8675140;8162020;8992360;9660520;8502415;8703520;7907610;8057765;7275360;7452350
16I1419: Torres Novas;5326030;5745840;9024160;7188840;7388700;6848910;7063470;7598880;6550930;5872270;4491140;5987550;7078240;7143290;9281000;7623510;7681370;7300950;7541480;8179740;7625420;7846400;7047020;7249420;6529200;6761840
16I0510: Vila de Rei;379480;390425;586595;497695;489755;532280;651525;560420;529900;489440;347900;404585;450000;452345;528015;491220;501970;479720;670920;592095;524995;500045;457580;462800;392610;425220
16I1420: Vila Nova da Barquinha;899890;918255;1264450;1106965;1130775;1139795;1138410;1244860;1139870;1009850;804125;969855;1097695;1037565;1255095;1160930;1173495;1109520;1128610;1212930;1165205;1211790;1036805;1101955;980665;967100
16J0902: Almeida;1169440;1468820;1921290;1657410;1860070;1819360;2046460;1855160;1431140;1197050;890280;1419690;1699010;1627480;1915650;1789395;1780785;1721515;2309705;1872010;1767140;1771675;1734375;1752385;1440490;1522900
16J0501: Belmonte;1099070;1119300;1555770;1182250;1353180;1331580;1569840;1348290;1152600;1126250;890750;1101680;1176590;1147940;1485410;1232620;1281690;1137640;1423260;1340270;1210430;1211020;1173310;1231320;1043290;1079770
16J0903: Celorico da Beira;1016465;1052880;1591545;1274505;1383795;1347915;1596950;1335060;1154800;1078155;828605;1020915;1158405;1140475;1354995;1144340;1173905;1159230;1434690;1321980;1188720;1176900;1148575;1082500;966205;1000610
16J0503: Covilhã;7038670;7746990;11403165;8965655;9701530;9494300;9837855;10491395;8931850;7970270;6215940;8192195;9652285;9603600;12630210;10250845;10427125;9795605;10479520;11117595;10095020;10566965;9773560;10096880;9101385;9293825
16J0904: Figueira de Castelo Rodrigo;802350;812730;1277550;1027310;1116590;1085500;1239225;980470;928995;848605;605650;752765;836545;797895;1083950;944665;992535;889745;1237660;1009890;942705;941470;924485;903340;735280;787120
16J0905: Fornos de Algodres;387015;387480;628925;474425;528595;513095;646220;553405;484860;483115;354710;423620;476610;498495;605080;504060;530410;497145;613365;577995;509945;505960;498950;510630;418395;429200
16J0504: Fundão;4279465;4586850;6855250;5261420;5823590;5560365;6125040;5978335;5228820;4876840;3696235;4696965;5257745;5120070;6776435;5536640;5593105;5453665;6273590;6086285;5576925;5769155;5409425;5483115;4810055;5002390
16J0906: Gouveia;1432850;1557315;2331360;1900070;1962695;1850165;2130770;2048945;1767820;1613360;1213300;1551730;1733355;1794685;2246740;1827890;1820220;1750450;2218255;2026555;1725100;1793755;1731480;1737910;1543350;1600825
16J0907: Guarda;6234010;6776440;9781955;7715130;8535490;8108675;8211555;8362405;7471160;6625690;4803450;6575760;8185770;8148105;10314300;8442490;8954960;8189890;8924155;9183705;8592750;9012695;8373855;8606920;7575770;7859995
16J0908: Manteigas;497240;523750;771620;582660;653965;694825;693725;502285;363195;351470;277755;341185;434280;400895;498725;443050;434375;418645;586855;453660;378825;384530;378040;408085;369060;338030
16J0909: Mêda;520840;499620;817850;690890;803140;754760;870890;640770;602840;529760;404690;468320;513070;491020;645100;526560;539290;518670;769240;580750;526400;500300;517695;503430;431565;428385
16J0910: Pinhel;813865;775775;1156880;999655;1002695;1020075;1266955;1166315;1042295;968405;709450;856145;993390;942380;1157230;1038765;1027880;956605;1278695;1008200;965170;1032630;959615;974905;806730;829860
16J0911: Sabugal;1328310;1423450;2065710;1697050;1914870;1900060;2385390;1961190;1680550;1489270;1087460;1432440;1597090;1576340;2025140;1697580;1784920;1580000;2665450;1923230;1747540;1739930;1773510;1662450;1391200;1492270
16J0912: Seia;3000260;3205440;4796185;3756985;4134820;4016190;4786465;4515705;3789355;3420185;2668205;3298010;3915580;3861355;5119450;3931470;4104410;3831105;5054675;4455170;3991710;4138980;3926975;4031965;3591940;3633310
16J0913: Trancoso;1178080;1213290;1930770;1475370;1616590;1647350;1861470;1724130;1461710;1294660;909730;1190420;1391540;1390730;1648850;1462920;1485860;1357670;2120230;1665250;1473760;1485130;1489380;1491870;1191660;1272895
1701502: Alcochete;2622315;2915950;4484580;3624340;3780705;3817795;3908215;4390820;3799320;3001635;2228045;3184740;3986675;4073165;4907630;4438510;4408995;4200225;4838135;4725880;4572705;4616310;4057885;4202435;3724390;3768285
1701503: Almada;27595960;30230810;42567855;36101780;37744445;37036815;37045545;41812990;36079775;32397585;24244780;33196370;38626575;38864295;48406430;41605300;42136765;40968240;42662650;46772145;42905830;44095625;39395605;41529930;37225830;37774695
1701115: Amadora;24903185;27345285;41009050;31961175;33227920;31740940;30713980;34661510;30240355;29042085;22311065;30734300;36216555;36054695;45941125;38435065;38684355;36534015;36120075;40981110;38565640;39704940;35886640;37660625;34149205;35183345
1701504: Barreiro;12315145;13504805;19548960;15943525;16485050;15793295;15276625;17750985;15529570;14214930;10634505;14297210;16812960;16868685;21477175;17734010;17864765;16431040;16759230;18808065;17497505;18370965;16556360;17421095;15669810;16100860
1701105: Cascais;30755270;34806230;51164760;42118300;44976170;43926985;42909450;47947505;41939805;36436525;26468150;40163660;49091540;49304065;60175085;51838480;53650580;51285850;50978710;57845750;53852940;56004080;51141750;53774585;48363515;49610570
1701106: Lisboa;100897715;117915565;171612745;146053890;155467330;148659005;132354520;156546725;134093780;112948125;77974745;144561260;192781720;197362100;238472930;211040880;217559325;199707305;179401775;223263315;207185680;224123470;200322255;212278705;196179630;199823525
1701107: Loures;28926625;31038100;43431715;36081435;37124660;35567045;33860710;38857655;34625730;32719630;25120950;33385535;38461950;38632320;48226900;41165545;41781145;39129540;38022595;44040840;41645280;43219200;38881945;40959630;36799605;37769890
1701109: Mafra;11712770;12328060;17383950;14504840;15252920;15088060;15918520;17128640;15042740;13795910;10283610;13117690;14875470;14764990;18309790;15409130;15805540;15529560;17264260;18046630;16436060;16645660;14953990;15948930;14069080;14200610
1701506: Moita;9935800;10515390;14919910;12437530;12392160;11911210;11601950;13380460;11912050;11552910;9074300;11152050;12230505;12187900;14745640;12940680;12777985;12982225;12488480;13738670;12841745;13405430;12002175;12466790;11157015;11540580
1701507: Montijo;8253565;9021960;13858935;11225785;11525275;11199835;11069940;12134215;10197395;9169940;6995375;9637505;11877370;11951310;15427400;12887330;12638735;12105455;12356015;13730905;13291620;13217070;12068380;12763855;11328980;11648550
1701116: Odivelas;20593065;21982020;30634620;25254865;25926260;24579420;23244515;26515690;23842640;22744435;17427490;23105820;26552370;26518410;32917915;27853920;28740255;27023940;25943180;30029620;28170650;29337150;26385665;27961805;25104230;25634675
1701110: Oeiras;25869525;28776680;42932155;34641690;36149170;34968850;32237440;38361830;32923030;29027325;21041950;33158245;40426550;40962935;51910440;43590100;43902035;41646860;39187775;46883530;43732515;45671200;41078255;43233815;39550350;40388100
1701508: Palmela;9576640;10076430;13616820;11812845;12040945;11683040;11937880;12884655;11758350;10436525;8215565;10705635;11898315;11780085;13964945;12689445;12653220;12202235;12374575;13635945;13030760;13291475;11842310;12434180;11173755;11096355
1701510: Seixal;20975205;22222770;32354995;26014090;27131935;26607360;26269350;29557055;25223030;24047875;18196050;24385870;27556830;27694720;34599795;29657965;29622025;28627720;29186365;31951415;29643030;30403120;27602590;28862630;25818170;26286765
1701511: Sesimbra;8102595;8559450;12079580;9933290;10388985;10718895;12432490;12772825;10965240;9579725;6979505;8976950;10182270;9760585;11832455;10430450;10581295;10922500;13311010;13340760;11501485;11151860;10200325;10773650;9390725;9206605
1701512: Setúbal;20079120;21671730;32065655;26274385;27176810;25746625;26101325;28972590;25155145;22624285;17306035;23048415;26878425;26854225;33406360;28678065;29178710;28020545;29225050;32412900;29325755;30349725;27161920;28551140;25542765;25968265
1701111: Sintra;49951355;54007130;76102185;62370240;64514275;61689715;60368240;67652440;60306230;57783545;44165320;57556230;66158150;65276555;81421840;69434930;69902040;66416405;66761505;74145060;69930700;71717140;64942565;68591505;61419655;62289410
1701114: Vila Franca de Xira;18417265;19713545;28098695;22770070;23616355;22530545;22121345;25407250;22746715;21222015;16085185;21239010;24529020;24736325;30762580;26096490;26837295;24525970;23989070;27721865;26464095;27189905;24472130;25666560;23218970;23648260
1811501: Alcácer do Sal;1884430;1960490;2974810;2403450;2597990;2655910;3401630;3370630;2770150;2294330;1614110;2084720;2475170;2292250;2869030;2596360;2618470;2684400;3618840;3322350;2983240;2833965;2605185;2628415;2245930;2262155
1811505: Grândola;2619405;2741735;4027450;3498355;3718280;3937380;5105430;4600990;3773505;3119745;2259320;3145490;3589035;3437700;4206960;3761175;3747590;4031830;6060370;4969600;4306825;4042065;3670735;3658720;3209635;3181995
1810211: Odemira;4733360;5241700;6753970;6110220;6628150;7409520;9547470;8550880;7260130;5995680;4344750;5419020;6113670;5858950;7091890;6565100;6726290;7458890;11605770;9414005;7581540;6839040;6225365;6113910;5382705;5489085
1811509: Santiago do Cacém;4319065;4728930;6834605;5708420;5688420;5626855;6477180;6324115;5738545;4949150;3653820;5024175;5701610;5736625;6977880;6170675;6265195;6188940;7306025;7074745;6384105;6464560;5926975;6072700;5437190;5562400
1811513: Sines;2685565;2940510;4217170;3392220;3840400;4044505;5259675;4884840;3942250;3141610;2293365;3365485;4168095;3919815;4838050;4141285;4262980;4695375;6344060;6123365;4620025;4489290;3937660;4131585;3503570;3682950
1840201: Aljustrel;1430150;1546150;2218210;1763990;1839560;1827260;1849600;2021050;1894120;1690620;1336340;1637760;1885830;1819920;2249530;1966770;1960140;1869160;2101540;2123860;1930820;2037920;1867760;1916340;1706900;1697950
1840202: Almodôvar;939630;1033100;1466950;1252670;1347740;1367120;1523180;1499880;1335200;1116830;877840;1161410;1350480;1336960;1529390;1388050;1449020;1433510;1663640;1706350;1450120;1463740;1340750;1343710;1267250;1246075
1840203: Alvito;330195;345875;502680;436395;463105;415220;487815;494780;453750;429660;347360;377290;390940;396160;475455;442440;425630;399585;465550;481620;420525;434260;419755;406940;353095;378950
1840204: Barrancos;271910;289020;436840;378170;388070;352190;401040;338400;316630;282840;223870;260280;298170;272210;353460;332150;324390;303100;441540;313530;329150;314100;308640;278230;236100;253120
1840205: Beja;5810110;6242995;9242580;7777340;7996035;7725820;7780320;8497065;7492420;6483625;4889645;6801430;7908945;8097145;10145190;8772485;8812165;8133025;8219660;9048690;8430125;8725965;8546840;8250860;7266940;7574810
1840206: Castro Verde;1072870;1172070;1685680;1440640;1476090;1387480;1490010;1593080;1389130;1274860;1028310;1382510;1575060;1538140;1949740;1745170;1863520;1603010;1766200;1761380;1676650;1774000;1625230;1664930;1471150;1528630
1840207: Cuba;579150;592920;844610;755100;765690;725790;859800;935670;805490;723030;582950;685690;768680;742480;893730;795210;834490;795920;929790;866760;786100;805480;729350;772370;666050;704860
1840208: Ferreira do Alentejo;1073020;1198590;1725650;1481890;1498160;1508560;1547180;1608760;1418670;1341870;1050200;1309100;1406110;1411050;1738000;1528060;1509610;1457920;1558400;1617880;1547710;1550140;1457800;1457250;1292250;1305720
1840209: Mértola;737100;808400;1120675;1046795;1054530;1153750;1472200;1345665;1053845;924180;716625;893800;950585;896135;1201465;995265;1071655;1057665;1563985;1326195;1044275;1162085;1020730;975140;839790;917735
1840210: Moura;2029665;2106325;3216755;2785025;2713355;2607785;2707520;2953210;2698640;2427850;1859580;2368290;2698700;2743280;3475155;3008265;2882240;2778760;3283850;3247665;2896265;3010070;2857975;2834790;2491620;2634715
1840212: Ourique;668610;738490;1047335;900085;912645;836860;927785;1017475;915390;826375;613905;803220;805380;879770;1114855;958510;973295;920525;1055290;1029390;938470;1034950;917305;1029540;844030;857865
1840213: Serpa;2142080;2373190;3238460;2950720;2965410;2792760;2963920;3058820;2690950;2423240;1888470;2416700;2691890;2676900;3379850;2940660;2892390;2660200;3189250;3072820;2786710;2880910;2791520;2700550;2453570;2531690
1840214: Vidigueira;810260;827740;1143210;1039040;1070170;1063590;1146290;1131390;1057780;931230;763280;935290;968240;982500;1195410;1099620;1085230;1033710;1260630;1180320;1052900;1133080;1069060;1054870;942520;975780
1851403: Almeirim;3178930;3397630;4986940;4054830;4185950;4053670;4296120;4463560;3716610;3618340;2870820;3608060;4101040;4082120;5078690;4403810;4455450;4256890;4383780;4582690;4380180;4361510;4041040;4186380;3807480;3889590
1851404: Alpiarça;849965;854380;1292070;1051310;1028860;1004620;1064615;1134515;1054405;969855;767520;934385;1049460;972530;1236635;1032520;1091255;1051800;1079220;1150475;1088305;1078150;944030;1023665;911845;925030
1851103: Azambuja;3498855;3797620;5264005;4376500;4723945;4462160;4729240;5082640;4360240;4047195;3053355;4056550;4696400;4517115;5780390;5057555;5355220;5146645;5534850;5671370;5575005;5784300;5137645;5306530;4715985;4741620
1851405: Benavente;5157950;5330560;7797205;6604985;6866035;6442020;6285945;7068005;6203345;5702855;4161970;5337255;6185915;6134135;7711915;6793525;6811205;6262075;6438100;7021055;6772650;6985440;6246125;6567165;5740030;5808965
1851406: Cartaxo;3960830;4204330;5917960;4809840;4890415;4760025;4901840;5405985;4691490;4372935;3348280;4326505;4829380;4877865;6107500;5272950;5226475;4929335;5094935;5434970;5116545;5305725;4810130;5013755;4462195;4548395
1851407: Chamusca;1291115;1387525;2004095;1601165;1728155;1673085;1764545;1888730;1589340;1537565;1233015;1494930;1589850;1592695;1985005;1796710;1709710;1696370;1754880;1787050;1815305;1905405;1648835;1743440;1500055;1571930
1851409: Coruche;2523860;2724320;3990820;3209140;3300190;3208630;3413570;3394510;2961270;2759250;2110960;2596570;2969310;2989710;3741060;3240010;3224660;3135010;3475660;3397190;3154920;3293970;2925440;3108730;2758800;2852000
1851412: Golegã;869310;978830;1405780;1226060;1228960;1152345;1170460;1280080;1162965;982195;786400;1000275;1112825;1133380;1397805;1937415;1305815;1222940;1218180;1343485;1260935;1293080;1178310;1180990;1073600;1075710
1851414: Rio Maior;3561250;3769620;5542480;4558100;4775200;4680630;4975950;5244990;4618990;4060430;3096630;4243710;4746420;4812600;5993070;4982350;5175790;4978730;5103080;5507570;5116280;5245960;4892520;5076000;4297910;4393300
1851415: Salvaterra de Magos;3239570;3297940;4865670;4051790;4184350;4025050;4223410;4455970;3835410;3597530;2846160;3437580;3777370;3669530;4563360;3955330;3987510;3663040;4315330;4270500;4060030;4185710;3779540;4076050;3536760;3529660
1851416: Santarém;9301165;9944380;14739635;11987685;12497165;12051305;12209640;13384245;11718495;10287610;7674710;10472350;12691415;12859995;16149180;14070045;14063725;13063145;13287255;14408745;14507720;14228260;12690765;13432085;11860275;12328760
1861201: Alter do Chão;545220;578880;847640;745610;733290;707080;855430;840150;650200;560040;449830;586580;631730;621350;752290;696710;659020;628040;774290;729730;642130;661120;681790;639150;528400;549120
1861202: Arronches;473860;551420;787190;609360;668140;656850;728090;751430;584930;529020;384630;479190;544210;551510;702790;595810;594080;568790;675400;662510;599470;598980;551210;535190;421000;432500
1861203: Avis;657740;695560;1000535;862205;856270;836900;950540;986805;835640;759510;621275;752315;773280;751100;1003380;862535;852905;840210;922475;1021405;820730;883155;777055;802615;709520;748755
1861204: Campo Maior;1596110;1572050;2382700;2032680;1880740;1812440;1843440;2079320;1773410;1665500;1274560;1663370;1904730;1781460;2288625;2004340;1881760;1889850;2084335;2164060;2024910;2085685;1851725;1916550;1698270;1726700
1861205: Castelo de Vide;526560;553840;856440;787720;807440;815760;1054260;865840;695340;544300;382590;523860;677610;595900;755560;623350;644400;731500;963430;835150;764560;702120;739760;658210;587510;516550
1861206: Crato;523510;579520;862075;701485;783835;794925;860855;800635;635550;597395;464205;509230;577800;557190;629770;633145;618225;608965;1018220;700255;617400;621785;579990;552325;501050;507240
1861207: Elvas;3558705;3777975;5673605;4826985;4904185;4626240;4899095;5186770;4578480;4105425;3196675;4147935;4870125;4836225;6066980;5312310;5200815;5357325;5370985;5674190;5331095;5394035;5001220;4971300;4460065;4545575
1861208: Fronteira;450325;504600;733165;650080;655385;640355;737885;756535;627210;597110;467200;539700;588660;579485;748600;705060;671435;628570;761480;744830;677260;644685;611470;605395;534520;534470
1861209: Gavião;601950;635500;885460;784410;832420;788090;904120;880930;805250;715880;545960;654010;666760;651470;861680;754110;768670;704460;860790;859030;726280;733580;709780;694830;615070;613240
1861210: Marvão;357300;398470;562120;496970;517810;516180;627930;620290;480690;429650;349250;434160;497550;484340;579830;531440;561650;521460;660250;623080;529930;544790;534050;493900;437680;463200
1861211: Monforte;405740;418120;579970;516810;555190;524050;579680;600020;571040;463800;403770;495370;513720;504370;636460;571350;546580;511060;641520;588960;561530;545530;505490;515280;440430;436410
1861212: Nisa;1005530;1037650;1486800;1351410;1459960;1343590;1453100;1267490;1126940;1030060;728750;998260;1030750;1014380;1203620;1118870;1163540;1109100;1452300;1236140;1277450;1226210;1190840;1181990;1022120;1045340
1861213: Ponte de Sor;2720860;2771455;4541440;3562575;3735975;3511390;3920325;4081750;3448240;3152770;2347490;3078540;3504235;3515800;4447880;3689660;3867290;3670315;4274685;4254375;3855010;3800210;3639225;3677650;3290995;3317760
1861214: Portalegre;3876320;4239445;6232845;5087760;5305920;5034850;5271755;5757070;5084895;4417145;3248390;4468335;5258475;5375555;6943240;5947605;5990700;5545810;5873890;6209435;5776240;5964730;5495165;5578955;5053190;5218395
1861215: Sousel;702180;752470;1047510;875940;918740;938810;975560;970240;867140;801000;624780;751510;784820;798250;973750;856260;850900;803630;931060;922170;860320;860720;793080;831190;724700;753015
1870701: Alandroal;690500;737490;1018160;936350;906740;846260;917450;999330;816460;762450;640830;695870;709750;511120;804420;771350;813420;768720;874650;878680;775280;792090;748310;762460;666950;686690
1870702: Arraiolos;772370;816750;1263690;1029450;1066430;998040;1052750;1066310;936290;867550;680210;802410;903490;862940;1092250;956980;951050;943180;1057340;1170430;1131790;1123020;1037025;1068360;929380;955475
1870703: Borba;992240;994530;1556360;1215650;1188070;1274845;1294800;1248715;1133675;1056985;856805;1112600;1162255;1179340;1514570;1351435;1263885;1194585;1362875;1389135;1286615;1289220;1187150;1199945;1080020;1097440
1870704: Estremoz;2556290;2700060;4113360;3302260;3605130;3455430;3751160;3649700;3238710;2801050;2069130;2766160;3266510;3134640;3972560;3488080;3417590;3223990;3679520;3611150;3411335;3533560;3228400;3362480;2942845;2943325
1870705: Évora;9687720;10564710;15760005;13310590;13891990;13230325;13508075;14772020;13091745;11207645;8139285;11719305;14137805;14294495;17900980;15651185;15480500;14438935;14494010;16115180;16185750;15979575;14345695;14827150;13311540;13602940
1870706: Montemor-o-Novo;2604160;2745180;4099940;3381745;3548390;3417345;3628230;3935645;3361295;3041285;2324610;2986810;3418795;3489590;4286285;3692825;3699275;3664295;4111140;4231880;3835395;3752935;3462990;3579965;3197915;3230695
1870707: Mora;689160;735100;1065580;841920;933110;815840;825090;1014600;943630;776050;607940;776670;874640;832810;1083730;911610;946640;907460;1060770;1022700;937800;967570;876270;909350;815470;825315
1870708: Mourão;519070;562630;757080;730080;716360;687810;764920;578770;632250;590990;407240;557670;666980;626790;748710;655880;612240;652390;797370;650075;617230;677400;632780;625715;578875;580525
1870709: Portel;898990;964720;1399710;1210940;1197450;1157030;1262840;1343850;1095900;969830;776620;888930;926350;976280;1197520;1139750;1034790;1037000;1203880;1169110;1034155;1028750;963595;971190;856035;910445
1870710: Redondo;946640;915530;1326510;1125170;1137680;1159180;1257850;1340980;1182420;1092800;845160;1024470;1131780;1089000;1353730;1214260;1240520;1121280;1310870;1317080;1137590;1157360;1113740;1114310;993210;1000010
1870711: Reguengos de Monsaraz;1668060;1694940;2547420;2047720;2203160;2095610;2226920;2108870;1905400;1830270;1491490;1863330;2093310;2152300;2733730;2357660;2272820;2295290;2777690;2596980;2477360;2418240;2271590;2223790;1950560;1996960
1870712: Vendas Novas;2147880;2260650;3306890;2754890;2901050;2747300;2860030;3111680;2569340;2371280;1808950;2361950;2678590;2635870;3504850;2900010;2912830;2775040;3009900;2993000;2826590;2879000;2633650;2700970;2442570;2471870
1870713: Viana do Alentejo;802650;876110;1197670;956030;949750;992230;1097310;1200440;1060580;925460;724380;897270;955690;911430;1156230;1045110;1002080;1025870;1101380;1196050;1069980;1028280;957710;969065;878435;904555
1870714: Vila Viçosa;1285660;1371490;2018730;1580600;1665050;1682430;1717200;1926570;1636140;1467280;1142810;1416120;1588340;1553190;1999670;1655850;1595920;1605200;1762610;1781110;1670740;1717195;1578420;1607550;1428910;1480990
1500801: Albufeira;7818670;8309200;12023210;10317990;11232820;12651530;16938725;14763610;12029280;9554090;6969520;10041810;11882400;11774720;13954930;12676275;12749280;14509990;20341240;17672625;14678790;13490335;12732180;12722390;11282180;11778295
1500802: Alcoutim;329780;357380;501830;460010;450470;486040;600680;542900;424810;354260;278710;329050;321610;341770;403060;399170;384210;436440;519180;490470;428560;412050;422350;397250;307240;317820
1500803: Aljezur;1184660;1239460;1607040;1404790;1562010;1924770;2924870;2383900;1815330;1366070;1000900;1191720;1323890;1251330;1455030;1360790;1431000;1712770;2847750;2051150;1634810;1440660;1406180;1325770;1124860;1167840
1500804: Castro Marim;879820;926020;1275160;1098070;1061590;1620800;2397840;2085320;1396880;1086690;809850;1027150;1103100;1073930;1239220;1153520;1161790;1640560;2891080;2543370;1681590;1331490;1225160;1259450;1027100;1051250
1500805: Faro;12011045;12985075;19068575;16097620;16699800;16395150;17143325;18369030;16076010;13953685;10236980;14991340;18228425;18315810;21936210;19742850;20354090;19345235;20743805;22009145;19870480;20870550;18834775;19455810;17854690;18055550
1500806: Lagoa;3754735;4007885;5294330;4679950;4968205;5167115;6212775;5933265;5090470;4471950;3429790;4490580;5007535;4906585;5528380;5293960;5446735;5496290;7276555;6469620;5625040;5734985;5175360;5283350;4793775;4728945
1500807: Lagos;5794850;6134440;8503720;7351930;7818450;8185050;9737660;8824520;7586010;6536530;5002380;6852440;7845830;7690430;8815440;8172640;8496660;8608030;10713980;9745560;8594610;8666190;8097170;8413380;7450910;7414890
1500808: Loulé;13311610;14088610;20713170;17673990;19042110;19847540;24688460;22816260;19182680;15490660;11445220;16130870;19473200;19134830;22421890;19999370;20833520;22250430;29855930;26934930;22179470;21604880;20173290;20518520;18255060;18522230
1500809: Monchique;569790;628770;848550;726260;757740;771730;866360;851120;774480;680170;548390;704890;724970;689560;861870;784300;757320;767010;839190;866510;792120;792300;717060;821530;729220;727060
1500810: Olhão;6950640;7231850;10290970;8432810;8972120;9112110;10685030;10738110;9053130;8089770;6248360;7791750;9003160;8602810;10663570;9442750;9570540;9466000;11375450;10957170;9727590;9907850;9157850;9468260;8444550;8534010
1500811: Portimão;9865920;10723285;15919800;13579670;14367070;15691165;18780175;17539805;14410920;11830590;8741390;12080925;14817590;14689695;17799145;16090110;15910750;17444790;22754060;20574010;17143155;16470830;15225285;15535645;13659080;14176320
1500812: São Brás de Alportel;2033620;2117430;2839595;2399980;2573385;2578195;2750860;2826810;2542975;2289685;1739880;2278460;2576345;2560335;3004575;2663140;2743335;2642570;2949790;3065640;2780725;2896855;2770960;2748010;2420960;2504315
1500813: Silves;5143470;5394730;7487300;6548000;6797350;7540800;9394670;8451640;6857630;5885000;4468370;5551970;6309000;6145050;7100370;6471620;6634370;7637440;11126420;9439260;7361300;6762990;6361430;6540440;5628910;5703310
1500814: Tavira;4459080;4650040;6878750;5896060;6536930;7447590;9538590;8407930;6723010;5402370;3867900;5285980;6371700;6135430;7166150;6592270;6916880;7798120;11295960;9670030;7822420;7249830;6810330;6752890;5907370;5966790
1500815: Vila do Bispo;778675;786060;1059130;941145;1078485;1311870;1730605;1321520;1237280;1059975;773955;936355;1028435;1013420;1217360;1073395;1122475;1270330;1804305;1502775;1244185;1230180;1111545;1146640;959080;993080
1500816: Vila Real de Santo António;3245350;3453050;4997700;4244345;4726430;6622240;9738095;7952695;5864690;4107280;2919135;3973440;4893480;4628155;5433610;4871325;5383930;7321555;12686695;10169630;6963720;5429500;5442990;5159980;4446640;4536670
